,Account,Date,Text,Compound Score,Positive Score,Negative Score,Neutral Score
0,BBCBreaking,06/03/2018,"A minute's silence falls across the UK as the victims of the #LondonBridge terror attack are remembered, one year o‚Ä¶ https://t.co/jJPzEmXsNq",-0.8316,0.0,0.341,0.659
1,BBCBreaking,06/03/2018,Armed police cordon off Berlin Cathedral after an officer reportedly shot a man at the building https://t.co/DdbPH9rZVJ,0.0,0.0,0.0,1.0
2,BBCBreaking,06/01/2018,"Visa says cardholders should now be able to use their cards, with systems operating at ""close to normal"" levels, bl‚Ä¶ https://t.co/tUahgaGGr0",0.0,0.0,0.0,1.0
3,BBCBreaking,06/01/2018,"Donald Trump's summit with Kim Jong-un on 12 June is back on, the US president says, a week after it was scrapped https://t.co/WfevC3zR8i",0.0,0.0,0.0,1.0
4,BBCBreaking,06/01/2018,Visa says some card payments are currently failing across the UK and elsewhere in Europe https://t.co/3IJ9nksdEc,-0.5106,0.0,0.18,0.82
5,BBCBreaking,06/01/2018,"Five big cats which escaped from a zoo in western Germany have been recaptured, reportedly with the help of a drone https://t.co/g32tKvh2qT",0.4019,0.124,0.0,0.876
6,BBCBreaking,06/01/2018,"Two lions, two tigers and a jaguar escape from a German zoo, with public warned to stay indoors, police say https://t.co/qUowA6ZZ4a",-0.1027,0.082,0.101,0.817
7,BBCBreaking,06/01/2018,"Spain's prime minister is forced out of his job, losing a no-confidence vote triggered by a corruption scandal https://t.co/T6sskEuPSj",-0.8176,0.0,0.378,0.622
8,BBCBreaking,05/31/2018,"Talks on summit between Trump and Kim Jong-un ""moving in the right direction"", secretary of state Mike Pompeo says https://t.co/PnxigeVi40",0.0,0.0,0.0,1.0
9,BBCBreaking,05/31/2018,"The US to put tariffs on steel and aluminium made by key allies, a move France says is ""unjustifiable and dangerous"" https://t.co/RuuMpmGgNJ",-0.4767,0.0,0.134,0.866
10,BBCBreaking,05/31/2018,"RT @BBCSport: Zinedine Zidane says he is stepping down as Real Madrid boss, just five days after leading them to a third straight Champions‚Ä¶",0.2263,0.079,0.0,0.921
11,BBCBreaking,05/31/2018,"Lithuania and Romania assisted CIA torture of al-Qaeda suspects, European Court of Human Rights rules https://t.co/VdnWsfigYS",-0.743,0.0,0.31,0.69
12,BBCBreaking,05/30/2018,"The moment Russian journalist Arkady Babchenko, who had been reported dead yesterday, appeared at a press conferenc‚Ä¶ https://t.co/iHb6Rc1NCY",-0.6486,0.0,0.212,0.788
13,BBCBreaking,05/30/2018,"""Assassination"" of journalist Arkady Babchenko was ""staged to expose Russian agents"", says head of Ukraine's securi‚Ä¶ https://t.co/SPcn5LgkRh",-0.1531,0.0,0.091,0.909
14,BBCBreaking,05/30/2018,"Russian journalist Arkady Babchenko, reportedly assassinated in Kiev on Tuesday, appears on TV alive and well https://t.co/Jq3liX4P2o",0.5719,0.239,0.0,0.761
15,BBCBreaking,05/29/2018,"""Abhorrent, repugnant"" - and cancelled. ABC drops Roseanne's show after star's racist tweet about an Obama aide https://t.co/2eutMyKysP",-0.7184,0.0,0.286,0.714
16,BBCBreaking,05/29/2018,"Hurricane Maria killed 4,600 people in Puerto Rico, 70 times the official toll - Harvard study https://t.co/3HplA9VkAB",-0.6705,0.0,0.231,0.769
17,BBCBreaking,05/29/2018,"Two police officers killed by gunman in Li√®ge were both women, city's mayor confirms
https://t.co/WyTQaq20ss",-0.6705,0.0,0.243,0.757
18,BBCBreaking,05/29/2018,"Belgian authorities confirm they are treating the attack in Li√®ge as terrorism 
https://t.co/d4uJcconBF",-0.8271,0.0,0.412,0.588
19,BBCBreaking,05/29/2018,"Two police officers shot dead in eastern Belgian city of Li√®ge, senate chief says, with reports attacker is killed https://t.co/FTmHJQ5V71",-0.926,0.0,0.424,0.576
20,BBCBreaking,05/28/2018,Murder investigation launched after man was killed and several more injured when car hit people near Stockport club https://t.co/raUxSrvGY7,-0.9134,0.052,0.425,0.523
21,BBCBreaking,05/28/2018,"Man in his 80s dies after vehicle submerged in flood water in Walsall, police say https://t.co/8hmZZR6Ifh",0.0,0.0,0.0,1.0
22,BBCBreaking,05/28/2018,"Man arrested on suspicion of murder of woman, 31, and girl, 11, in Gloucester https://t.co/5W9CiZIqiz",-0.886,0.0,0.464,0.536
23,BBCBreaking,05/28/2018,"After his dramatic rescue of a young boy from a Paris balcony, Malian migrant Mamoudou Gassama is made a French cit‚Ä¶ https://t.co/ki7aWgGtPQ",0.5106,0.155,0.0,0.845
24,BBCBreaking,05/27/2018,Italy PM-designate Guiseppe Conte gives up bid to form government amid reports president vetoed economy pick https://t.co/AbEoT2SdF0,0.0,0.0,0.0,1.0
25,BBCBreaking,05/26/2018,"RT @BBCSport: üèÜüèÜüèÜüèÜüèÜüèÜüèÜüèÜüèÜüèÜüèÜüèÜüèÜ

It's heartbreak for Liverpool as Real Madrid win their 13th Champions League title.

FT 3-1

https://t.co/Hr5J‚Ä¶",0.5423,0.268,0.138,0.595
26,BBCBreaking,05/26/2018,"The final result in Ireland's abortion reform referendum

Yes 1,429,981
No 723,632

https://t.co/urPAqRybLz https://t.co/8665LHVeOC",0.128,0.16,0.13,0.71
27,BBCBreaking,05/26/2018,Official result: Republic of Ireland votes resoundingly to overturn abortion ban with voters backing reform of cons‚Ä¶ https://t.co/1ghSuV99Ff,-0.5423,0.053,0.174,0.773
28,BBCBreaking,05/26/2018,"Irish PM hails ""quiet revolution"" as early results point to ""resounding"" referendum vote for overturning abortion b‚Ä¶ https://t.co/fW4uTOgwOc",0.0,0.0,0.0,1.0
29,BBCBreaking,05/26/2018,Leaders of both Koreas meet in border zone as efforts continue to reschedule Donald Trump's summit with Kim Jong-un https://t.co/ZNdh7ZZZAk,0.0,0.0,0.0,1.0
30,BBCBreaking,05/26/2018,'No' campaign spokesman accepts defeat in Ireland referendum which will allow liberalisation of abortion law‚Ä¶ https://t.co/b8Fn4jPkTj,0.0516,0.208,0.149,0.644
31,BBCBreaking,05/25/2018,Exit polls suggest the Republic of Ireland has voted by a landslide to liberalise its strict abortion laws https://t.co/FeHK5CKrvI,0.0,0.0,0.0,1.0
32,BBCBreaking,05/25/2018,"A 95-year-old man arrested on suspicion of murder after female carer died of head injuries, London police say https://t.co/Wttf0ezBRU",-0.9325,0.0,0.5,0.5
33,BBCBreaking,05/25/2018,"Harvey Weinstein is charged with rape and a criminal sex act on two women, after months of sexual abuse allegations https://t.co/xKlFuMthOA",-0.9337,0.0,0.468,0.532
34,BBCBreaking,05/25/2018,Film producer Harvey Weinstein arrives at NY police station where he's expected to answer sexual misconduct charges https://t.co/SVJvYQ0BCT,-0.2732,0.0,0.11,0.89
35,BBCBreaking,05/25/2018,"Man who attacked D-Day veteran, 96, with hammer during raid on his home in Somerset found guilty of attempted murder https://t.co/LXYx1mLb9y",-0.8885,0.0,0.368,0.632
36,BBCBreaking,05/25/2018,Australia and Netherlands formally accuse Russia of responsibility for downing MH17 passenger jet in 2014 https://t.co/zyMC4Ccbyz,-0.2023,0.0,0.107,0.893
37,BBCBreaking,05/24/2018,"Hollywood mogul Harvey Weinstein expected to surrender to police on sexual misconduct charges, US media report https://t.co/NzeaFHi9FZ",-0.2732,0.0,0.116,0.884
38,BBCBreaking,05/24/2018,"""Hopefully positive things will be taking place... but if they don't, we are more ready than we have ever been befo‚Ä¶ https://t.co/jgzyXyqNwm",0.7808,0.292,0.0,0.708
39,BBCBreaking,05/24/2018,Two men jailed for life for murder of four children in petrol bomb attack in Greater Manchester https://t.co/fEgISmD1y5,-0.9136,0.084,0.478,0.438
40,BBCBreaking,05/24/2018,"""You talk about your nuclear capabilities, but ours are so massive and powerful that I pray to God they will never‚Ä¶ https://t.co/NmbqVRuyAV",0.8656,0.35,0.0,0.65
41,BBCBreaking,05/24/2018,"In letter to Kim Jong-un, President Trump says ""tremendous anger and open hostility"" displayed in North Korea state‚Ä¶ https://t.co/4P6aLp1LXE",-0.802,0.0,0.298,0.702
42,BBCBreaking,05/24/2018,"US-North Korea summit will not take place, Donald Trump says https://t.co/Kzej5c101k",0.0,0.0,0.0,1.0
43,BBCBreaking,05/24/2018,Army sergeant Emile Cilliers guilty of trying to murder his wife by tampering with her parachute https://t.co/OdTAyBSJZo,-0.8176,0.0,0.333,0.667
44,BBCBreaking,05/24/2018,"North Korea appears to have blown up tunnels at its only nuclear test site, a key move to reducing regional tensions https://t.co/s92Pw9KS4O",-0.4019,0.0,0.119,0.881
45,BBCBreaking,05/24/2018,A couple have been found guilty of murdering their French au pair and burning her body in their garden https://t.co/8r6yRdCG4B,-0.7964,0.0,0.295,0.705
46,BBCBreaking,05/24/2018,"A missile fired at flight MH17 in 2014, killing 298 people, belonged to a Russian brigade, investigators say https://t.co/yLua7Ztfui",-0.8402,0.0,0.348,0.652
47,BBCBreaking,05/24/2018,"A couple have been found guilty of murdering their French au pair and burning her body in their London garden

https://t.co/ZRwyexYiwh",-0.7964,0.0,0.283,0.717
48,BBCBreaking,05/24/2018,"A missile fired at flight MH17 in 2014, killing 298 people, belonged to a Russian brigade, investigators say https://t.co/D8VQAg3Ca1",-0.8402,0.0,0.348,0.652
49,BBCBreaking,05/23/2018,"Man arrested in Hertfordshire on suspicion of preparing terrorist acts, police say https://t.co/SCbyRXldte",-0.886,0.0,0.51,0.49
50,BBCBreaking,05/23/2018,"Yulia Skripal, poisoned daughter of Russian ex-spy Sergei, says she is lucky to be alive after attack https://t.co/Pe34d0cCOr",-0.2263,0.21,0.245,0.545
51,BBCBreaking,05/23/2018,"After the alleged payment to Cohen for White House talks, Ukraine‚Äôs Anti Corruption Bureau drops Paul Manafort inve‚Ä¶ https://t.co/uZrdnv8IBK",-0.3182,0.0,0.113,0.887
52,BBCBreaking,05/23/2018,"Cohen received at least $400,000 to fix talks between Ukraine‚Äôs Poroshenko and President Trump ‚Äì intelligence sourc‚Ä¶ https://t.co/WAWUjJQmHP",0.4767,0.162,0.0,0.838
53,BBCBreaking,05/23/2018,"BBC Exclusive: Trump lawyer Michael Cohen ‚Äúpaid by Ukraine‚Äù to arrange White House talks in June 2017

https://t.co/NsfSjRzEzJ",0.128,0.081,0.0,0.919
54,BBCBreaking,05/23/2018,"Berlinah Wallace given life sentence with minimum term of 12 years for throwing sulphuric acid over former partner,‚Ä¶ https://t.co/hu686gzzht",0.0772,0.067,0.0,0.933
55,BBCBreaking,05/23/2018,"RT @BBCSport: üî¥ Confirmed üî¥

Arsenal have announced Unai Emery as Arsene Wenger's successor.

More hereüëâ https://t.co/x1kOq2Nos3 https://t.‚Ä¶",0.2263,0.112,0.0,0.888
56,BBCBreaking,05/23/2018,"""There has been a change in customer shopping habits"" - Marks and Spencer Chief Executive Steve Rowe on 62% fall in‚Ä¶ https://t.co/3bTbpSQHid",0.0,0.0,0.0,1.0
57,BBCBreaking,05/23/2018,"""The great American novelist of our postwar world"" - Tributes paid to novelist Philip Roth, who has died aged 85 https://t.co/vaxhh5ZPCe",0.128,0.16,0.14,0.7
58,BBCBreaking,05/22/2018,President Trump says his historic summit with North Korea's Kim Jong-un next month may be delayed https://t.co/bzBWdJINR0,-0.2263,0.0,0.106,0.894
59,BBCBreaking,05/22/2018,"Supermarket giant Tesco plans to close its Tesco Direct website, putting 500 jobs at risk https://t.co/QiEbKrn4aG",-0.2732,0.0,0.123,0.877
60,BBCBreaking,05/22/2018,UK holds a minute's silence to remember the victims of the #ManchesterArena attack one year on‚Ä¶ https://t.co/pV1AULBovR,-0.6597,0.0,0.278,0.722
61,BBCBreaking,05/22/2018,"Marks and Spencer to close 100 stores by 2022 saying reorganisation ""vital"" for firm's future https://t.co/2LBhVTOMgD",0.0,0.0,0.0,1.0
62,BBCBreaking,05/21/2018,"RT @BBCSport: Arsenal are set to appoint Unai Emery as their new manager.

Read more
üëâ https://t.co/Z4g4asmx3i #Arsenal https://t.co/hxcv73‚Ä¶",0.0,0.0,0.0,1.0
63,BBCBreaking,05/21/2018,"Ken Livingstone says he is resigning from the Labour party amid anti-Semitism row
https://t.co/Pv17B4rd7I",0.2023,0.163,0.114,0.723
64,BBCBreaking,05/21/2018,"Duke and Duchess of Sussex release official photographs from their wedding day

https://t.co/6yvDshkVs8‚Ä¶ https://t.co/SEEvwJlnXr",0.0,0.0,0.0,1.0
65,BBCBreaking,05/21/2018,A 72-second silence in memory of the victims marks the beginning of inquiry into Grenfell Tower fire https://t.co/yw2uIVMiyh,-0.5719,0.0,0.239,0.761
66,BBCBreaking,05/21/2018,"Jailed British-Iranian Nazanin Zaghari-Ratcliffe charged in Iran with spreading propaganda, her campaign says https://t.co/oOU3I7SkC8",-0.7184,0.0,0.389,0.611
67,BBCBreaking,05/19/2018,"One of black boxes from Boeing 737 that crashed in Havana on Friday found ""in good condition"", Cuban officials say. https://t.co/OHYW3Dsy6l",0.4404,0.127,0.0,0.873
68,BBCBreaking,05/19/2018,RT @BBCNews: Harry and his new wife Meghan have left Windsor Castle in an open-top classic sports car for their evening wedding reception a‚Ä¶,0.0,0.0,0.0,1.0
69,BBCBreaking,05/19/2018,"RT @BBCSport: CHELSEA HAVE WON THE FA CUP! üèÜ

They've beaten Man Utd 1-0.

Party time for the Blues üéâ

üëâ https://t.co/zzvVrq4qSz #FACupFina‚Ä¶",0.6833,0.273,0.103,0.624
70,BBCBreaking,05/19/2018,"RT @BBCSport: Full-Time: Celtic 2-0 Motherwell. 

Celtic complete back-to-back trebles by clinching the Scottish Cup. Goals from Callum McG‚Ä¶",0.0,0.0,0.0,1.0
71,BBCBreaking,05/19/2018,Enormous crowds greet the Duke &amp; Duchess of Sussex as #harryandmeghan head up Long Walk and back to Windsor Castle‚Ä¶ https://t.co/pIohUoEeqa,0.3182,0.103,0.0,0.897
72,BBCBreaking,05/19/2018,"The royal couple leave St George's Chapel - and here's the kiss!

https://t.co/XbDbyZPqJN #royalwedding https://t.co/wpcWWl3aDL",0.4389,0.19,0.074,0.737
73,BBCBreaking,05/19/2018,"The royal couple have made their vows and exchanged rings.

Harry &amp; Meghan are married! üéâ

https://t.co/XbDbyZPqJN‚Ä¶ https://t.co/n9C0CnBYRV",0.0,0.0,0.0,1.0
74,BBCBreaking,05/19/2018,And the bride arrives - Meghan Markle emerges into bright May sunshine at St George's Chapel‚Ä¶ https://t.co/TJCRTwy4KG,0.7269,0.303,0.0,0.697
75,BBCBreaking,05/19/2018,A stunning sight! Meghan Markle's car drives down Long Walk to Windsor Castle ahead of the #royalwedding‚Ä¶ https://t.co/L2YsIw0oFY,0.4389,0.153,0.0,0.847
76,BBCBreaking,05/19/2018,"Prince Harry arrives at Windsor Castle with his brother and best man, Prince William

https://t.co/XbDbz071Bl‚Ä¶ https://t.co/i6YdflPlVE",0.6369,0.219,0.0,0.781
77,BBCBreaking,05/19/2018,The first glimpse of bride Meghan Markle as she leaves Cliveden House Hotel for Windsor Castle‚Ä¶ https://t.co/Itztp6zP8I,0.0,0.0,0.0,1.0
78,BBCBreaking,05/19/2018,"Prince Harry &amp; Meghan Markle will become the Duke &amp; Duchess of Sussex on #royalwedding day, Buckingham Palace annou‚Ä¶ https://t.co/3Jzux7S7Tl",0.0,0.0,0.0,1.0
79,BBCBreaking,05/18/2018,"10 people have died, and another 10 were injured in shooting at Santa Fe High School - Texas Governor Greg Abbott s‚Ä¶ https://t.co/rILeNeQhke",-0.743,0.0,0.24,0.76
80,BBCBreaking,05/18/2018,"More than 100 people feared dead after a Boeing 737 airliner crashed and exploded near Havana airport, Cuban state‚Ä¶ https://t.co/uk73F47FkS",-0.8176,0.0,0.306,0.694
81,BBCBreaking,05/18/2018,"Boeing 737 crashes shortly after take-off from Havana, Cuban media report https://t.co/VwVZvReA7h",0.0,0.0,0.0,1.0
82,BBCBreaking,05/18/2018,"""I just ran as fast as I could"" - Santa Fe High School students describe shooting incident in Texas that has left u‚Ä¶ https://t.co/Ek2vfRZaMo",0.0,0.0,0.0,1.0
83,BBCBreaking,05/18/2018,"Santa Fe High School shooting update:

- Between eight and 10 people killed in incident, say police
- Majority of d‚Ä¶ https://t.co/655gYTdsos",-0.6705,0.0,0.191,0.809
84,BBCBreaking,05/18/2018,"""This has been going on too long in our country, too many years, too many decades now"" - President Trump on reports‚Ä¶ https://t.co/L27O1tVHmU",0.0,0.0,0.0,1.0
85,BBCBreaking,05/18/2018,"""Multiple people have died"" - @BBCJamesCook gives the latest on the Santa Fe High School shooting‚Ä¶ https://t.co/TxEKQetc7s",-0.5574,0.0,0.194,0.806
86,BBCBreaking,05/18/2018,"At least eight people are dead after a shooting at Santa Fe High School in Texas, reports say https://t.co/qwC5MN8BLM",-0.6486,0.0,0.202,0.798
87,BBCBreaking,05/18/2018,Russian ex-spy Sergei Skripal has been discharged from hospital after being poisoned with a nerve agent in Salisbury https://t.co/m09vK9vPg5,-0.4939,0.0,0.158,0.842
88,BBCBreaking,05/18/2018,"The Prince of Wales will accompany Meghan Markle down the aisle, Kensington Palace confirms https://t.co/lF1tHcOJ2I #royalwedding",0.0,0.0,0.0,1.0
89,BBCBreaking,05/17/2018,Explosive eruption at Hawaii‚Äôs Kilauea volcano sends ash thousands of metres into the sky https://t.co/DunkpP2Xpu,0.0,0.0,0.0,1.0
90,BBCBreaking,05/17/2018,"Kasim Lewis, 31, jailed for life with a minimum of 29 years at Old Bailey for murdering 22-year-old barmaid Iuliana‚Ä¶ https://t.co/CL9DGlheZt",-0.8176,0.0,0.294,0.706
91,BBCBreaking,05/17/2018,Berlinah Wallace found guilty of throwing corrosive substance with intent at Bristol Crown Court after injuring for‚Ä¶ https://t.co/jXEDp1FCkj,-0.4215,0.0,0.141,0.859
92,BBCBreaking,05/17/2018,"Berlinah Wallace, 48, cleared of killing boyfriend in acid attack in Bristol in 2015 https://t.co/mG58fZAScs",-0.7964,0.067,0.359,0.574
93,BBCBreaking,05/17/2018,"UK government to consult on banning flammable cladding, after Grenfell review stopped short of recommending ban https://t.co/MEckLQ9heM",-0.6705,0.0,0.268,0.732
94,BBCBreaking,05/17/2018,"Meghan Markle says she hopes her father ""can be given the space he needs to focus on his health""‚Ä¶ https://t.co/J1fkcc7X1M",0.4215,0.128,0.0,0.872
95,BBCBreaking,05/17/2018,Meghan Markle says her father will not now be attending her wedding to Prince Harry on Saturday https://t.co/g5w2J6kr2V,0.0,0.0,0.0,1.0
96,BBCBreaking,05/17/2018,"Grenfell Tower fire review concludes indifference and ignorance led ""race to the bottom"" in building safety practic‚Ä¶ https://t.co/haedS7P28u",-0.3182,0.122,0.266,0.611
97,BBCBreaking,05/17/2018,"UK retailer Mothercare says it is to shut 50 stores as part of a restructuring plan, resulting in
hundreds of job l‚Ä¶ https://t.co/mRqaZEXXH8",0.0,0.0,0.0,1.0
98,BBCBreaking,05/17/2018,"The maximum bet on fixed-odds betting terminals will be reduced from ¬£100 to ¬£2, the government says https://t.co/wLmS7JM1EO",0.0,0.0,0.0,1.0
99,BBCBreaking,05/16/2018,Oxfam chief executive Mark Goldring to stand down after scandal over claims of sexual misconduct by staff in Haiti https://t.co/8xQExjxF8t,-0.4404,0.0,0.132,0.868
100,CBSNews,06/04/2018,A San Diego officer accidentally shot himself while pursuing a hit-and-run suspect brandishing a weapon was eventua‚Ä¶ https://t.co/0lW5wq4S6D,-0.7003,0.0,0.362,0.638
101,CBSNews,06/04/2018,"Delta Air Lines is ""conducting a thorough review of the situation"" after a Pomeranian on a flight from Newark to Ph‚Ä¶ https://t.co/yptBqi6CPL",0.0,0.0,0.0,1.0
102,CBSNews,06/04/2018,"Jury acquits deputy, awards $4 to family in wrongful death suit of 30-year-old father https://t.co/Ox6TNQdmbg https://t.co/79JaEc6iKC",-0.2023,0.195,0.186,0.619
103,CBSNews,06/04/2018,Indiana police officers gather for the high school graduation of the daughter of a fallen trooper‚Ä¶ https://t.co/NCJl207aYg,-0.3612,0.0,0.143,0.857
104,CBSNews,06/04/2018,Brush fire forces thousands to evacuate parts of Southern California https://t.co/4LzRj0Rf6e,-0.34,0.0,0.194,0.806
105,CBSNews,06/04/2018,"""It's not one person and then it stops"": Lara Logan breaks silence on her sexual assault during the Egyptian Revolu‚Ä¶ https://t.co/ZiC7I9xjJv",-0.5859,0.0,0.16,0.84
106,CBSNews,06/04/2018,"Fourth-grader's rendition of John Lennon's ""Imagine"" goes viral https://t.co/c26K8vFaee https://t.co/3xvCNtxJGq",0.0,0.0,0.0,1.0
107,CBSNews,06/04/2018,Music of the streets: New York City's public pianos https://t.co/y3yK0f4CK0 https://t.co/UtTaa3Gyxx,0.0,0.0,0.0,1.0
108,CBSNews,06/04/2018,Woman who went into labor during final exam graduates from Harvard Law School with her daughter in her arms‚Ä¶ https://t.co/Pku4PaN5I0,0.0,0.0,0.0,1.0
109,CBSNews,06/03/2018,"Remembering 1968: Robert F. Kennedy, and a generation's loss https://t.co/Iqkap0ukfn https://t.co/6pV5NHsY6I",-0.3182,0.0,0.204,0.796
110,CBSNews,06/03/2018,"""I'm an old dog, and this is a new trick"": Bill Clinton and James Patterson have co-authored a political thriller.‚Ä¶ https://t.co/zp5ykvgxwJ",0.0,0.0,0.0,1.0
111,CBSNews,06/03/2018,Roadside America: A tiny slice of Americana https://t.co/fLkaPdSaXu https://t.co/8HnBu63nqY,0.0,0.0,0.0,1.0
112,CBSNews,06/03/2018,"Not your average graduating senior, WWII veteran Roland Martineau missed getting his diploma in 1942, and finally g‚Ä¶ https://t.co/RqdaZwOVmQ",-0.296,0.0,0.109,0.891
113,CBSNews,06/03/2018,Jim Gaffigan on why he doesn't care about the Triple Crown https://t.co/Y94n9ZOhpA https://t.co/ChWa1kxAsn,-0.3875,0.0,0.18,0.82
114,CBSNews,06/03/2018,Bill Clinton and James Patterson co-author a political beach read https://t.co/mnHzkH507L https://t.co/ceFhuDkqCP,0.0,0.0,0.0,1.0
115,CBSNews,06/03/2018,"High school senior Tyler Solomon was moved to tears when his dad, who has been deployed overseas, surprised him at‚Ä¶ https://t.co/ieSaL2Pk3c",0.0,0.083,0.083,0.833
116,CBSNews,06/03/2018,"The war in Afghanistan is the longest in US history. After over 16 years, a trillion dollars and 2400 American live‚Ä¶ https://t.co/AJEhgD5IVI",-0.5994,0.0,0.163,0.837
117,CBSNews,06/03/2018,"Tonight on @60Minutes, meet Milwaukee Bucks star Giannis Antetokounmpo. Steve Kroft reports on the 23-year-old whos‚Ä¶ https://t.co/n1yKVJV93K",0.0,0.0,0.0,1.0
118,CBSNews,06/03/2018,"2 climbers died after falling from Yosemite National Park's El Capitan, which looms 3,000 feet above the floor of Y‚Ä¶ https://t.co/09wBAIkXe0",-0.7003,0.0,0.286,0.714
119,CBSNews,06/03/2018,"Tonight, celebrity chef Jos√© Andr√©s has prepared more hot meals in Puerto Rico after Hurricane Maria than any of th‚Ä¶ https://t.co/Ocu6CR9EH0",0.2263,0.087,0.0,0.913
120,CBSNews,06/03/2018,Watch NBA Finals 2018: Cleveland Cavaliers vs. Golden State Warriors for the fourth consecutive year‚Ä¶ https://t.co/8rmeHJVFAv,0.0,0.0,0.0,1.0
121,CBSNews,06/03/2018,"Jimmy Fallon surprises Parkland students at high school graduation: ""Don't let anything stop you""‚Ä¶ https://t.co/MbLpAlhT9N",0.4191,0.226,0.0,0.774
122,CBSNews,06/03/2018,"Woman held gun to head, fired shots near San Diego marathon, police say https://t.co/zp2Xosaaeg https://t.co/SPJ1cyimW4",-0.7184,0.0,0.316,0.684
123,CBSNews,06/03/2018,"Woman admitted to shooting and killing husband, says it was because he beat family cat, police say‚Ä¶ https://t.co/ZZPmyGZFSB",-0.6124,0.064,0.202,0.734
124,CBSNews,06/03/2018,Hang glider pilot dies in Idaho air show accident https://t.co/AlXgBl0PUQ https://t.co/bvrfnvMZ0V,-0.4767,0.0,0.237,0.763
125,CBSNews,06/03/2018,Remembering 1968: The loss of RFK fifty years ago https://t.co/3cZJURGRZN https://t.co/2g5mlSi8mD,-0.3182,0.0,0.187,0.813
126,CBSNews,06/03/2018,Woman who went into labor during final exam graduates from Harvard Law School with her daughter in her arms‚Ä¶ https://t.co/8dSfQgQbZO,0.0,0.0,0.0,1.0
127,CBSNews,06/03/2018,"""You may say I'm a dreamer...""
This 10-year-old performed John Lennon's ""Imagine"" for his school talent show and a‚Ä¶ https://t.co/Qrhpn2XI8w",0.4215,0.135,0.0,0.865
128,CBSNews,06/03/2018,Stephen Stills and Judy Collins playing beautiful music together after breakup years ago https://t.co/huVOY3TTHp https://t.co/0vrjsmVBgr,0.6908,0.305,0.0,0.695
129,CBSNews,06/03/2018,"One third of the Senate is up for election this year.
Here are seven Senate midterm elections you should watch out‚Ä¶ https://t.co/gL1txKxySU",0.0,0.0,0.0,1.0
130,CBSNews,06/03/2018,Former President Bill Clinton and the world's bestselling author James Patterson co-author a political thriller‚Ä¶ https://t.co/cSEtXfx79P,0.0,0.0,0.0,1.0
131,CBSNews,06/03/2018,FBI agent under investigation for accidental shooting at Denver nightclub https://t.co/dSpxmCiEC5 https://t.co/RN40AF71Sj,-0.0772,0.0,0.106,0.894
132,CBSNews,06/03/2018,Woman faces manslaughter charges after deadly hit-and-run at little league baseball field in Maine‚Ä¶ https://t.co/ELwPLNNfiI,-0.2732,0.0,0.13,0.87
133,CBSNews,06/03/2018,"Rep. Will Hurd says he thinks it would be a ""terrible move"" for President Trump to pardon himself. 

""I think peopl‚Ä¶ https://t.co/Z6UkRGwWgZ",-0.2023,0.094,0.127,0.779
134,CBSNews,06/03/2018,Who will pay for Kim Jong Un's hotel stay in Singapore during summit with President Trump? https://t.co/vwma70d4qg https://t.co/HgbBOdCAr3,-0.1027,0.0,0.076,0.924
135,CBSNews,06/03/2018,"Fourth-grader's rendition of John Lennon's ""Imagine"" at school talent show goes viral https://t.co/B3D7QUCvtO https://t.co/kvzqTR9a1n",0.4215,0.177,0.0,0.823
136,CBSNews,06/03/2018,North Korea experts' advice to President Trump: Keep summit as simple as possible https://t.co/Acudj31YOf https://t.co/UdtLZYezi1,0.0,0.0,0.0,1.0
137,CBSNews,06/03/2018,Rudy Giuliani adamant that President Trump would fight Mueller subpoena to testify in Russia probe‚Ä¶ https://t.co/KD7y72xKYa,-0.3818,0.0,0.148,0.852
138,CBSNews,06/03/2018,More than six in 10 women voters in battleground districts say the president does not respect or understand people‚Ä¶ https://t.co/sVwz3d4Le1,-0.6433,0.0,0.226,0.774
139,CBSNews,06/03/2018,"Rep. Will Hurd says GOP members have the votes to bring immigration bill to the House floor.

""Now is time to solve‚Ä¶ https://t.co/q4wgmiJwnd",0.0,0.0,0.0,1.0
140,CBSNews,06/03/2018,Single mom who went into labor during final exam graduates from Harvard Law School https://t.co/GgBj9FyMM3 https://t.co/tSt7ZXjSJ6,0.0,0.0,0.0,1.0
141,CBSNews,06/03/2018,"Ohio Gov. John Kasich says he is ""very, very concerned"" about North Korea summit, and the U.S. must be ""extremely c‚Ä¶ https://t.co/en3DRP869u",0.0,0.0,0.0,1.0
142,CBSNews,06/03/2018,"Kasich scolds GOP leaders for thinking ""they have to ask permission from the president to do anything."" (via‚Ä¶ https://t.co/RhcK8pjljf",0.0,0.0,0.0,1.0
143,CBSNews,06/03/2018,"""I have been frankly shocked at the fact that our leaders think they have to ask permission from the president to d‚Ä¶ https://t.co/n9OZmxtIga",-0.3182,0.0,0.095,0.905
144,CBSNews,06/03/2018,"CBS News Battleground Tracker: A closer look at the parties 

In battleground districts where control of House will‚Ä¶ https://t.co/Fv6yBCiwRU",-0.4019,0.117,0.234,0.649
145,CBSNews,06/03/2018,"2018 CBS News Battleground Tracker: Big gender gap 

There is a big gender gap in competitive districts: Democrats‚Ä¶ https://t.co/lFkYQFjNQg",-0.25,0.083,0.132,0.784
146,CBSNews,06/03/2018,"CBS News Battleground Tracker: The House is a toss-up 

CBS News' estimate is Democrats 219 - Republicans 216 in ti‚Ä¶ https://t.co/kIM8GDgNir",-0.4019,0.0,0.13,0.87
147,CBSNews,06/03/2018,Idaho teacher charged after allegedly feeding puppy to snapping turtle in front of students https://t.co/C8IPr0GleL https://t.co/cUF6gykk40,-0.2023,0.0,0.107,0.893
148,CBSNews,06/03/2018,"Small plane with 4 on board crashes off New York's Long Island, FAA says https://t.co/uBz5vcVBZd https://t.co/fw4rCfh2c2",0.0,0.0,0.0,1.0
149,CBSNews,06/03/2018,"Many breast cancer patients can safely skip chemotherapy, major study finds https://t.co/Kcd2GeZe3j https://t.co/8gniV1gbQa",-0.296,0.172,0.237,0.591
150,CBSNews,06/03/2018,Dog found dead inside cargo hold on Delta Airlines flight. He was an 8-year-old Pomeranian named Alejandro‚Ä¶ https://t.co/dBdq8En9Sq,-0.6486,0.0,0.202,0.798
151,CBSNews,06/03/2018,"Fire erupts at scrap yard in Oakland, California, that's had trouble in the past https://t.co/FgeIs2Snuy https://t.co/6LQShqw9vq",-0.6249,0.0,0.267,0.733
152,CBSNews,06/03/2018,"Report: 14-year-old stabbed, killed after fight that started over sleepover https://t.co/Fzh8NupmWE https://t.co/4LMNSkBtsY",-0.875,0.0,0.526,0.474
153,CBSNews,06/03/2018,"Far-right party leader calls Nazi era a ""speck of bird poop"" in German history https://t.co/J4eOVWWiPN https://t.co/fTlwpj5rER",0.4019,0.162,0.0,0.838
154,CBSNews,06/03/2018,U.S. citizen killed in Nicaragua amid violence and social unrest https://t.co/qpztwh5AKe https://t.co/sJZkd1qxDt,-0.8625,0.0,0.462,0.538
155,CBSNews,06/03/2018,"DNA from tissue in trash led to arrest in Golden State Killer case, records show https://t.co/bRiR2LYI7x https://t.co/ULMHh1Sv9k",-0.7717,0.0,0.309,0.691
156,CBSNews,06/03/2018,Ohio Governor John Kasich scolds GOP leaders for thinking ‚Äúthey have to ask permission from the president to do any‚Ä¶ https://t.co/gxEcambRce,0.0,0.0,0.0,1.0
157,CBSNews,06/03/2018,"Small plane with 4 on board crashes off New York's Long Island, FAA says https://t.co/oktGWB9b8q https://t.co/08flsJYLnZ",0.0,0.0,0.0,1.0
158,CBSNews,06/03/2018,FBI agent's firearm accidentally discharges at Denver nightclub: police https://t.co/h2Oos8F3kf https://t.co/sOgO2Eglbd,-0.34,0.0,0.194,0.806
159,CBSNews,06/03/2018,"Google result for Republican shows picture with ""BIGOT"" on it https://t.co/b9nCTgi1fL https://t.co/6CeQqRIOIR",0.0,0.0,0.0,1.0
160,CBSNews,06/03/2018,President Trump hints at longer path for North Korea to denuke https://t.co/rhd5rn8ffW https://t.co/NYDo9tvlp4,0.0,0.0,0.0,1.0
161,CBSNews,06/03/2018,"Why are deaths among U.S. kids, teens on the rise? https://t.co/it8apo5Lc0 https://t.co/LiTb9Cpxh3",0.0,0.0,0.0,1.0
162,CBSNews,06/03/2018,"Shooting death of Steven Pitt, forensic psychiatrist, linked to killings of two women https://t.co/XIPKIsWKIU https://t.co/DkZmyowwLc",-0.8555,0.0,0.393,0.607
163,CBSNews,06/03/2018,"Cosby accuser Andrea Constand: ""I did it for justice"" https://t.co/t4Iqez7XYH https://t.co/yWDsM2zyMF",0.5267,0.254,0.0,0.746
164,CBSNews,06/03/2018,Hang glider killed in Idaho air show accident https://t.co/enpQJwB6dy https://t.co/EYUMtKdV5S,-0.8225,0.0,0.487,0.513
165,CBSNews,06/03/2018,"Four killed, seven injured in Oregon highway crash, police say https://t.co/ijsddWiVkP https://t.co/4jfZBVWt3h",-0.872,0.0,0.524,0.476
166,CBSNews,06/03/2018,Woman faces manslaughter charges after deadly hit-and-run at baseball game in Maine https://t.co/oAv5Kn3F9x https://t.co/AiPuRoW1TE,-0.2732,0.0,0.139,0.861
167,CBSNews,06/03/2018,"Roger Stone's former ""social media strategist"" testifies before grand jury https://t.co/4vnNieddUh https://t.co/GFth4De3Ot",0.4588,0.214,0.0,0.786
168,CBSNews,06/03/2018,Search continues for 2 teens believed to have drowned in Georgia https://t.co/ZcCQfnKrYS https://t.co/8Khgv5e1DF,-0.5994,0.0,0.262,0.738
169,CBSNews,06/03/2018,"Report: 14-year-old stabbed, killed after fight that started over sleepover https://t.co/soNqZ9Vf7w https://t.co/dkuCJRmNUp",-0.875,0.0,0.526,0.474
170,CBSNews,06/03/2018,Mattis slams China over weapons in South China Sea https://t.co/FZ19wnvhF8 https://t.co/sR4ucRIz9p,-0.4404,0.0,0.225,0.775
171,CBSNews,06/03/2018,"Three space station fliers head home, three prep for launch https://t.co/r6ic4cJGVQ https://t.co/kQOkGY6EN4",0.0,0.0,0.0,1.0
172,CBSNews,06/03/2018,U.S. citizen killed in Nicaragua amid violence and social unrest https://t.co/BDA5RUt4zZ https://t.co/VmvMzf4V54,-0.8625,0.0,0.462,0.538
173,CBSNews,06/03/2018,Who will pay for King Jong Un's hotel stay in Singapore? https://t.co/MRoeTLsXA3 https://t.co/hP9wslODtg,-0.1027,0.0,0.104,0.896
174,CBSNews,06/03/2018,Pushing the envelope? Kim Jong Un's massive letter to President Trump https://t.co/y18wKCVUuv https://t.co/QV2CTVuLD1,0.0,0.0,0.0,1.0
175,CBSNews,06/03/2018,Iowa judge agrees to halt fetal heartbeat abortion law https://t.co/dS87cm7Z7b https://t.co/FPdn1vJGcy,0.2023,0.153,0.0,0.847
176,CBSNews,06/03/2018,"Small plane with 4 on board crashes off New York's Long Island, FAA says https://t.co/mNREjKjUmx https://t.co/jcmKQq2sfi",0.0,0.0,0.0,1.0
177,CBSNews,06/03/2018,President Trump hints at longer path for North Korea to denuke https://t.co/rhd5rn8ffW https://t.co/0Mq4RDKtWU,0.0,0.0,0.0,1.0
178,CBSNews,06/03/2018,"Why are deaths among U.S. kids, teens on the rise? https://t.co/KiUl4c0z7s https://t.co/LWtm7VMh0n",0.0,0.0,0.0,1.0
179,CBSNews,06/03/2018,The Dish: David C√°ceres' recipes from La Panader√≠a https://t.co/nKU7q8lK7v https://t.co/m7LmRu8io3,0.0,0.0,0.0,1.0
180,CBSNews,06/03/2018,"Shooting death of Steven Pitt, forensic psychiatrist, linked to killings of two women https://t.co/SG6nPJyZby https://t.co/ZjGr7vEVpv",-0.8555,0.0,0.393,0.607
181,CBSNews,06/03/2018,"Report: In memo to Mueller, Trump's lawyers argue he could not have obstructed justice https://t.co/zQxQVTbL7x https://t.co/qdHMse4zt6",-0.6341,0.0,0.27,0.73
182,CBSNews,06/03/2018,"Four killed, seven injured in Oregon highway crash, police say https://t.co/8zsJyRpsXV https://t.co/Hd3PLRhqzo",-0.872,0.0,0.524,0.476
183,CBSNews,06/03/2018,Brush fire forces thousands to evacuate parts of Southern California https://t.co/71zNMZYNu9,-0.34,0.0,0.194,0.806
184,CBSNews,06/03/2018,Police investigate deadly hit-and-run at baseball game in Maine https://t.co/V7lc3h2iCz https://t.co/iKEqTo9HGB,0.0,0.0,0.0,1.0
185,CBSNews,06/03/2018,Search continues for 2 teens believed to have drowned in Georgia https://t.co/lCRqkWmD1f https://t.co/QNgZ0GvY6z,-0.5994,0.0,0.262,0.738
186,CBSNews,06/03/2018,"Report: 14-year-old stabbed, killed after fight that started over sleepover https://t.co/fBlpIdDAVu https://t.co/WJsQ804tvT",-0.875,0.0,0.526,0.474
187,CBSNews,06/03/2018,"Chicago schools failed to protect students sexually abused by employees, report says https://t.co/B1uFRtT2MO https://t.co/qhCBNKI8TH",-0.6124,0.129,0.327,0.545
188,CBSNews,06/03/2018,"Sheriff: Suspect in disappearance of Fla. mom has had 18 aliases, lived in 33 cities https://t.co/Sck0OybMEg https://t.co/1aWqD5lzBE",-0.296,0.0,0.121,0.879
189,CBSNews,06/03/2018,Benedict Cumberbatch praised for tackling mugger https://t.co/j6NLmaAJWO https://t.co/dh9dV8sh7Q,0.4939,0.314,0.0,0.686
190,CBSNews,06/03/2018,Who will pay for King Jong Un's hotel stay in Singapore? https://t.co/MRoeTLsXA3 https://t.co/db6iTcti3K,-0.1027,0.0,0.104,0.896
191,CBSNews,06/03/2018,U.S. citizen killed in Nicaragua amid violence and social unrest https://t.co/6EsQdBLSa8 https://t.co/vAOVvyB8T5,-0.8625,0.0,0.462,0.538
192,CBSNews,06/03/2018,Santa Fe High School students graduate two weeks after deadly mass shooting https://t.co/hubWCfgeHj https://t.co/LJBOMPJNfM,0.0,0.0,0.0,1.0
193,CBSNews,06/03/2018,"Small plane with 4 on board crashes off New York's Long Island, FAA says https://t.co/mNREjKjUmx https://t.co/ihrVzsE2yO",0.0,0.0,0.0,1.0
194,CBSNews,06/03/2018,President Trump hints at longer path for North Korea to denuke https://t.co/rhd5rn8ffW https://t.co/mKcpss9fH1,0.0,0.0,0.0,1.0
195,CBSNews,06/03/2018,"Attorney: $4 verdict meant to ""punish"" family of man shot by police in his garage https://t.co/IW0kmZ60cC https://t.co/L6YR53LSm6",0.1531,0.091,0.0,0.909
196,CBSNews,06/03/2018,"Officials report a hang glider was killed in an accident at the ""Gunfighter Skies Air &amp; Space Celebration""‚Ä¶ https://t.co/4HmbdoRybM",-0.8225,0.0,0.322,0.678
197,CBSNews,06/03/2018,A driver faces manslaughter charges after she struck and killed a 68-year-old man at a Maine baseball field.‚Ä¶ https://t.co/h4Eb9D84JX,-0.8225,0.0,0.398,0.602
198,CBSNews,06/03/2018,Two climbers dead after falling from Yosemite's El Capitan https://t.co/blwizkRHWp https://t.co/oTdJMkWXM7,-0.7096,0.0,0.396,0.604
199,CBSNews,06/03/2018,A confidential letter obtained by The New York Times shows President Trump's personal lawyers making the case to sp‚Ä¶ https://t.co/5UhnjzeHBR,0.0,0.0,0.0,1.0
200,CNN,06/04/2018,French Open marathon man Alexander Zverev makes first grand slam quarterfinal https://t.co/yAQeSZGiUa https://t.co/eg9WmcksBh,0.1027,0.181,0.157,0.663
201,CNN,06/04/2018,"""Her only weapon was her medical vest."" Palestinians mourn the death of a nurse killed by Israeli forces.‚Ä¶ https://t.co/ppQdV22e5L",-0.9246,0.0,0.489,0.511
202,CNN,06/04/2018,Actor Benedict Cumberbatch saves cyclist from muggers https://t.co/D0zALzFoCY https://t.co/hnQTowlGH9,0.0,0.0,0.0,1.0
203,CNN,06/04/2018,"Former New Jersey Gov. Chris Christie says it's an ""outrageous claim"" that President Trump can't obstruct justice‚Ä¶ https://t.co/A1Xlidjyzk",-0.4588,0.0,0.15,0.85
204,CNN,06/04/2018,"Nearly 100 women suffered under dancing doctor's scalpel, lawyer says https://t.co/JKCekjz8bw https://t.co/4q69tZuiu1",-0.4939,0.0,0.225,0.775
205,CNN,06/04/2018,"When he was a kid, Richard Jenkins raised his hand in class so often bullies started calling him ""Harvard.""

Now, a‚Ä¶ https://t.co/okoYkkhJdn",0.4939,0.138,0.0,0.862
206,CNN,06/04/2018,Author Germaine Greer's dangerous ideas about rape https://t.co/cPrlwOCoPW (via @CNNOpinion) https://t.co/3vhDQGV5GJ,-0.8316,0.0,0.464,0.536
207,CNN,06/04/2018,"Sen. Bob Corker says GOP senators are working on plan to ""push back"" on Trump policy https://t.co/fx2wMRSMWZ https://t.co/xRiqlqwL7C",0.0,0.0,0.0,1.0
208,CNN,06/03/2018,"President Trump says Senate Democrats are ""resisting the will"" of voters https://t.co/E4qbFMRLPe https://t.co/7QE2uCdt7R",0.0,0.0,0.0,1.0
209,CNN,06/03/2018,This FBI agent lost his gun during a dance-floor backflip and accidentally shot a bar patron https://t.co/ICK3IAFrgs https://t.co/cTfVCE5v9m,-0.7269,0.0,0.353,0.647
210,CNN,06/03/2018,"Gaza militants fire rockets towards Israel, and Israel Defense Forces responds with airstrikes‚Ä¶ https://t.co/jStVpnYZly",-0.2263,0.094,0.151,0.755
211,CNN,06/03/2018,Dog dies during Delta Air Lines layover in Michigan https://t.co/vmHsRHK4xU https://t.co/QdyLmeQ0u0,0.0,0.0,0.0,1.0
212,CNN,06/03/2018,Is President Trump giving North Korea a pass on nukes? https://t.co/4jzsC63v3e (via @CNNOpinion) https://t.co/8FRCEkoVAh,0.34,0.167,0.0,0.833
213,CNN,06/03/2018,Ben Maher takes St Tropez Global Champions Tour title https://t.co/ELTEABvr3E https://t.co/0oCYM8Zxfq,0.5267,0.254,0.0,0.746
214,CNN,06/03/2018,"No sanctions relief without steps to denuclearize, US Defense Secretary James Mattis tells North Korea‚Ä¶ https://t.co/IVl6Za5v2Z",0.34,0.232,0.111,0.657
215,CNN,06/03/2018,Former President Bill Clinton says an impeachment process over the Russia probe would be underway if a Democrat wer‚Ä¶ https://t.co/znmtIDv8nr,0.0,0.0,0.0,1.0
216,CNN,06/03/2018,Silent forms of protest make bold statements at Parkland graduation https://t.co/nM71NgD7PO https://t.co/HIUt6o4qaA,0.1531,0.178,0.137,0.685
217,CNN,06/03/2018,Kansas Republican gubernatorial candidate Kris Kobach criticized for riding in a parade with a replica gun‚Ä¶ https://t.co/jcbwKUMOJa,-0.3612,0.0,0.152,0.848
218,CNN,06/03/2018,Jimmy Fallon crashes Marjory Stoneman Douglas graduation https://t.co/hOq6DiF2Fu https://t.co/hDqlcJtxJt,0.0,0.0,0.0,1.0
219,CNN,06/03/2018,"Thousands of acres ablaze in California, Colorado and New Mexico https://t.co/6nNgmuzJiS https://t.co/tQ0yCa6GoF",0.0,0.0,0.0,1.0
220,CNN,06/03/2018,"President Trump's lawyer, Rudy Giuliani, says Trump shouldn't testify because ""our recollections keep changing""‚Ä¶ https://t.co/mxFcjU5YD3",0.0,0.0,0.0,1.0
221,CNN,06/03/2018,A solemn graduation for Marjory Stoneman Douglas seniors https://t.co/NqcmGRbxFc https://t.co/pJlnA5slXv,-0.0772,0.0,0.14,0.86
222,CNN,06/03/2018,Ford dropped cars but it's keeping the Mustang. Here's why: https://t.co/gWdeLfWmch https://t.co/gHvz0gs8jr,0.0,0.0,0.0,1.0
223,CNN,06/03/2018,Vatican replaces archbishop convicted of concealing child sex abuse https://t.co/NaFmQHVdN1 https://t.co/q0y3QV8Awp,-0.6369,0.0,0.296,0.704
224,CNN,06/03/2018,"Even the race to replace ""Putin's favorite Congressman"" unlikely to hinge on Russia https://t.co/EZUt9qXrLY https://t.co/2o1HuDUTFk",0.4588,0.176,0.0,0.824
225,CNN,06/03/2018,President Trump to host Ramadan dinner https://t.co/ZNoR75CrRA https://t.co/P1X4g2FQ7F,0.0,0.0,0.0,1.0
226,CNN,06/03/2018,"Hamptons ""builder to the stars"" among those feared dead in plane crash off Long Island https://t.co/aTSXQjz7L7 https://t.co/ZYiANx7mrD",-0.8807,0.0,0.421,0.579
227,CNN,06/03/2018,Kuwait wants to foster more private sector firms as part of sweeping diversification plans https://t.co/tTy6dyJnR6 https://t.co/WvNLE1DXfe,0.0,0.0,0.0,1.0
228,CNN,06/03/2018,"Trump lawyers say he ""dictated"" statement on Trump Tower meeting, contradicting past denials https://t.co/vlFcqx1uiM https://t.co/14C2HmISbW",-0.3182,0.0,0.141,0.859
229,CNN,06/03/2018,Trade wars are scary. Why isn't Wall Street freaking out? https://t.co/DFElDvMhKZ https://t.co/QWAZEMnoSj,-0.6671,0.129,0.375,0.496
230,CNN,06/03/2018,Residents stranded with no power and water in area cut off by lava in Hawaii https://t.co/pxQjUKmjKk https://t.co/MJbm9rllIJ,-0.5106,0.0,0.223,0.777
231,CNN,06/03/2018,What to expect at Monday's Apple event https://t.co/HXt7nltvOW https://t.co/TbQHmijp2P,0.0,0.0,0.0,1.0
232,CNN,06/03/2018,Looking for lower Medicare drug costs? Ask your pharmacist for the cash price https://t.co/81QmKI8Xnm https://t.co/P3vUBOYPvJ,-0.296,0.0,0.136,0.864
233,CNN,06/03/2018,"Former US attorney Preet Bharara says President Trump pardoning himself would be ""almost self-executing impeachment‚Ä¶ https://t.co/YhJVsmthKn",0.4019,0.153,0.0,0.847
234,CNN,06/03/2018,Canadian official Chrystia Freeland calls President Trump's tariffs insulting https://t.co/2JonOUzB4s https://t.co/mKSO8N04SK,-0.4939,0.0,0.242,0.758
235,CNN,06/03/2018,How one month reshaped the US immigration landscape https://t.co/b3DFeEC3db https://t.co/YhNFc9UFpC,0.0,0.0,0.0,1.0
236,CNN,06/03/2018,"""The Americans"" made motherhood the ultimate disguise https://t.co/jrF6Wjj933 (via @CNNopinion) https://t.co/2K1MMwKEjk",-0.25,0.0,0.167,0.833
237,CNN,06/03/2018,"""Solo: A Star Wars Story"" sinks 65% in second weekend https://t.co/xyeQpChuu2 https://t.co/kp2Md6qfxx",-0.5574,0.0,0.265,0.735
238,CNN,06/03/2018,The New York Times highlights EPA Administrator Scott Pruitt's cozy relationship with a coal baron‚Ä¶ https://t.co/VUv05naQ8O,0.0,0.0,0.0,1.0
239,CNN,06/03/2018,"""That's not what the American people, I think, would be able to stand for."" Former US attorney Preet Bharara says i‚Ä¶ https://t.co/InFFVlGCaA",0.0,0.0,0.0,1.0
240,CNN,06/03/2018,Samantha Bee will address vulgar comment about Ivanka Trump on her show https://t.co/OyIbHMShHx https://t.co/KZvpq2sW3R,0.0,0.0,0.0,1.0
241,CNN,06/03/2018,"FBI agent loses his gun during dance-floor backflip, accidentally shoots bar patron https://t.co/F61P7oVf0C https://t.co/kaCXlPkI9r",-0.7269,0.0,0.392,0.608
242,CNN,06/03/2018,"Southwest Airlines comes under fire after an agent asks a mom to ""prove"" biracial child is hers‚Ä¶ https://t.co/BTjEHSyG5H",-0.34,0.0,0.13,0.87
243,CNN,06/03/2018,The US Geological Survey has warned people not to roast marshmallows over volcanic vents in Hawaii https://t.co/j8bf0QdcBk,-0.2732,0.0,0.116,0.884
244,CNN,06/03/2018,"Vermont has a new law that will pay workers $10,000 to move there and work remotely https://t.co/BOsRh6adek https://t.co/BafSsgoD5f",-0.1027,0.0,0.08,0.92
245,CNN,06/03/2018,Parents of Parkland victims are outraged about a new video game that would let players shoot up a school‚Ä¶ https://t.co/7cLz5FT10V,-0.802,0.0,0.353,0.647
246,CNN,06/03/2018,"More than 120 pregnant whales were killed during Japan's annual hunt last summer, prompting outrage among conservat‚Ä¶ https://t.co/AMpERnhYGv",-0.8316,0.0,0.328,0.672
247,CNN,06/03/2018,"When he was a kid, Richard Jenkins raised his hand in class so often bullies started calling him ""Harvard.""

Now, a‚Ä¶ https://t.co/0prHEtH5ZV",0.4939,0.138,0.0,0.862
248,CNN,06/03/2018,These crosses represent each victim killed in the Santa Fe High School shooting. Retired carpenter Greg Zanis has b‚Ä¶ https://t.co/mkX59AneVF,-0.765,0.0,0.268,0.732
249,CNN,06/03/2018,A Catholic school told its valedictorian his speech was too political. So he gave it outside on a bullhorn.‚Ä¶ https://t.co/FIG7Jh43zR,0.0,0.0,0.0,1.0
250,CNN,06/03/2018,"When he was a kid, Richard Jenkins raised his hand in class so often bullies started calling him ""Harvard.""

Now, a‚Ä¶ https://t.co/q25qpxE052",0.4939,0.138,0.0,0.862
251,CNN,06/03/2018,"""Chris, we've got your baby girl"": Army Spc. Christopher M. Harris died serving in Afghanistan, just days after lea‚Ä¶ https://t.co/RrOAxDYdWC",-0.5574,0.0,0.159,0.841
252,CNN,06/03/2018,"""Don't forget to show love"": In a superhero cape, he feeds the hungry and homeless in Birmingham, Alabama. And he's‚Ä¶ https://t.co/WZm3BWvrbN",0.1695,0.081,0.0,0.919
253,CNN,06/03/2018,Roseanne Barr says she begged ABC executives to keep her show on the air before the network canceled its hit sitcom‚Ä¶ https://t.co/FcCBIrH65R,0.0,0.0,0.0,1.0
254,CNN,06/03/2018,"Alabama school administrators, who get approval from local authorities and go through training, will be permitted t‚Ä¶ https://t.co/lYSarBzcgW",0.4767,0.154,0.0,0.846
255,CNN,06/03/2018,"""Black lives don't matter,"" lawyer says after jury awards $4 in police killing https://t.co/DJTzgOXbfE https://t.co/nuBDS1RJKL",-0.34,0.147,0.216,0.637
256,CNN,06/03/2018,Only one more state needs to pass the Equal Rights Amendment to finally get it ratified https://t.co/y35AIYdJyp https://t.co/fc0zvM7b5G,0.1531,0.086,0.0,0.914
257,CNN,06/03/2018,Televangelist Jesse Duplantis says God spoke to him and wants him to get a new private jet that can cost up to $54‚Ä¶ https://t.co/ZWQGuPcxiD,0.2732,0.087,0.0,0.913
258,CNN,06/03/2018,He was an NFL player. Now he's a Juilliard-trained opera singer. https://t.co/ItAsUVK7mh https://t.co/Eo1zyElF2q,0.0,0.0,0.0,1.0
259,CNN,06/03/2018,This Chick-fil-A franchise owner is raising wages at his store to $17 an hour https://t.co/gjTVQnQzPL https://t.co/b8pVRyrNee,0.0,0.0,0.0,1.0
260,CNN,06/03/2018,A high school football player who takes cannabis oil to prevent his seizures has been ruled ineligible to play in c‚Ä¶ https://t.co/dxQvn0Zqqg,0.3612,0.156,0.0,0.844
261,CNN,06/03/2018,Ivanka Trump has been granted seven new trademarks in China as her father continues trade talks with Beijing -- and‚Ä¶ https://t.co/KU3eraKgNT,0.25,0.091,0.0,0.909
262,CNN,06/03/2018,"Syrian President is to meet Kim Jong Un in North Korea, report says https://t.co/b6HeqI6RJG",0.0,0.0,0.0,1.0
263,CNN,06/03/2018,"Becky McCabe got down on one knee to propose to her girlfriend, Jessa Gillaspie. Jessa shrieked and immediately rea‚Ä¶ https://t.co/eO2lkzyzCd",0.0,0.0,0.0,1.0
264,CNN,06/03/2018,A high school football player who takes cannabis oil to prevent his seizures has been ruled ineligible to play in c‚Ä¶ https://t.co/vI9KwkNwA1,0.3612,0.156,0.0,0.844
265,CNN,06/03/2018,This 8-year-old Georgia boy was with his mom when he saw an elderly woman struggling to climb the stairs with her w‚Ä¶ https://t.co/UoGLZU54Kj,-0.4215,0.0,0.113,0.887
266,CNN,06/03/2018,A teacher in Georgia responded the only way she knew how after receiving a letter from President Trump filled with‚Ä¶ https://t.co/y07WzGq2JC,0.0,0.0,0.0,1.0
267,CNN,06/03/2018,"In 1997, a 6th-grade teacher wrote ""Invite me to your Harvard graduation!"" on a student's report card. Twenty-one y‚Ä¶ https://t.co/S9wB18o8ox",0.2244,0.1,0.0,0.9
268,CNN,06/03/2018,"A soldier died before meeting his baby, so his Army family welcomed her with open arms https://t.co/8sYSpYz1Yk https://t.co/bS0LWwOxeR",-0.296,0.114,0.171,0.714
269,CNN,06/03/2018,A man went to a salon and learned to do his wife's hair after she suffered a stroke and was unable to style it hers‚Ä¶ https://t.co/tiYCyEPUOz,-0.4939,0.0,0.127,0.873
270,CNN,06/03/2018,"Rapper Falz's ""This is Nigeria"" video holds up a mirror for the country https://t.co/xdmgSkxpOO https://t.co/U1d6dzvPMY",0.0,0.0,0.0,1.0
271,CNN,06/03/2018,A young Malian migrant who rescued a child dangling from a balcony will be made a French citizen and has been offer‚Ä¶ https://t.co/atbtW5sNuU,0.4215,0.135,0.0,0.865
272,CNN,06/03/2018,"North Korea will not get any sanctions relief until it has demonstrated ""verifiable and irreversible"" steps to denu‚Ä¶ https://t.co/VaNkJqq3yH",0.3182,0.142,0.082,0.776
273,CNN,06/03/2018,Iraq War veteran Pat Ryan is running for Congress. He‚Äôs calling for an assault weapons ban: ‚ÄúThe weapons that I car‚Ä¶ https://t.co/MIcdUn6IJk,-0.9524,0.0,0.517,0.483
274,CNN,06/03/2018,"South Korean boy band @BTS_twt has become the first K-pop group to top the US Billboard 200 chart, with the debut o‚Ä¶ https://t.co/e4pbDzVIH1",0.2023,0.076,0.0,0.924
275,CNN,06/03/2018,"Archaeologists working at the ancient Roman city of Pompeii, Italy, uncovered the remains of a 30-year-old man who‚Ä¶ https://t.co/Al0C75DN9F",0.0,0.0,0.0,1.0
276,CNN,06/03/2018,NFL star JJ Watt has been awarded an honorary doctorate degree for raising over $37 million to help with recovery e‚Ä¶ https://t.co/BTUkyeC2Id,0.8602,0.369,0.0,0.631
277,CNN,06/03/2018,Proceeds from economist's Nobel medal donated to non-profit https://t.co/kX9n19xQSv https://t.co/EFoIzSC9LV,0.4767,0.256,0.0,0.744
278,CNN,06/03/2018,Republican Sen. John McCain says he supports effort to force immigration bill to House floor https://t.co/16TqOGGc9Y https://t.co/9tRcu1XvXe,0.3612,0.135,0.0,0.865
279,CNN,06/03/2018,"The largest wildfire in California's modern history is finally out, more than 6 months after it started‚Ä¶ https://t.co/ghBrwkNqi1",0.0,0.0,0.0,1.0
280,CNN,06/03/2018,"A dog being flown by Delta Air Lines from Phoenix to Newark, New Jersey, died during a layover in Detroit, the airl‚Ä¶ https://t.co/CIZZl7NzWT",-0.5574,0.0,0.153,0.847
281,CNN,06/03/2018,Why startup visas are good for America https://t.co/jlC9GmqkEK (via @CNNOpinion) https://t.co/leqIYx9wu2,0.4404,0.225,0.0,0.775
282,CNN,06/03/2018,"Four killings, including one of prominent psychologist, in Arizona are likely connected, police say‚Ä¶ https://t.co/bN8Wy37Uzp",-0.4939,0.116,0.227,0.657
283,CNN,06/03/2018,Virginia GOP chooses replacement for 5th district nominee https://t.co/aidAnQaUJT https://t.co/40fjghIVmj,0.0,0.0,0.0,1.0
284,CNN,06/03/2018,"Valerie Jarrett, former top aide to President Obama, makes an appeal to get out the vote in 2018, saying ""it's time‚Ä¶ https://t.co/kOuEcwmX9X",0.2023,0.079,0.0,0.921
285,CNN,06/02/2018,"""The Big Bang Theory"" star Jim Parsons tells @VanJones68 he thought about Roseanne Barr's racist tweet ""on an emoti‚Ä¶ https://t.co/DZ5mZaqIkP",-0.6124,0.0,0.174,0.826
286,CNN,06/02/2018,Kenyan President orders top officials to take lie-detector tests in corruption crackdown https://t.co/jaKPXboTt1 https://t.co/q5lY5cX0jq,0.2023,0.122,0.0,0.878
287,CNN,06/02/2018,An attorney representing three women in cases against a doctor known for singing and dancing while performing surge‚Ä¶ https://t.co/Dog9UV2r2w,0.0,0.0,0.0,1.0
288,CNN,06/02/2018,"""The crew, the people you don't see, the people you don't know ‚Äî there are so many people employed..."" Actor Jim Pa‚Ä¶ https://t.co/hlRURomCmj",0.0,0.0,0.0,1.0
289,CNN,06/02/2018,Five Star Movement supporters rally in Rome to celebrate new government https://t.co/TG0G0PfQ8Q https://t.co/khOs2BwJFL,0.765,0.375,0.0,0.625
290,CNN,06/02/2018,"The 30-year-old man who was still living with his parents says that he finally moved out, 10 days after a judge ord‚Ä¶ https://t.co/SJnu3AdCmf",0.0,0.0,0.0,1.0
291,CNN,06/02/2018,"""The Big Bang Theory"" star Jim Parsons talks about the fallout surrounding comedian Roseanne Barr's racist tweet, w‚Ä¶ https://t.co/V2jEahrqYU",-0.34,0.11,0.169,0.72
292,CNN,06/02/2018,Six major allies blast US over tariffs https://t.co/spgQbkUKR7 https://t.co/XqBSYXUalE,0.0,0.0,0.0,1.0
293,CNN,06/02/2018,This is what it's like to surf near the Korean Demilitarized Zone https://t.co/8yu12Jk0Uv https://t.co/M3PaYFs75Q,0.3612,0.161,0.0,0.839
294,CNN,06/02/2018,"Two climbers fell to their deaths Saturday at Yosemite National Park in California, a park spokeswoman said‚Ä¶ https://t.co/jaQW500EV1",0.0,0.0,0.0,1.0
295,CNN,06/02/2018,This 8-year-old Georgia boy was with his mom when he saw an elderly woman struggling to climb the stairs with her w‚Ä¶ https://t.co/C2z0TDF8zu,-0.4215,0.0,0.113,0.887
296,CNN,06/02/2018,Fifth federal judge rules HHS unlawfully ended teen pregnancy prevention grant funding https://t.co/FbAHxbgMmb https://t.co/p7iUsaxqQ6,0.3612,0.161,0.0,0.839
297,CNN,06/02/2018,Serena Williams to face Maria Sharapova at French Open https://t.co/sVQ0mY8OZ0 https://t.co/hQAbDfu8Lb,0.0,0.0,0.0,1.0
298,CNN,06/02/2018,What aluminum and steel tariffs will mean to you https://t.co/nyv92aLySO https://t.co/rSFOTHUraK,0.0,0.0,0.0,1.0
299,CNN,06/02/2018,"Outgoing Missouri Gov. Eric Greitens, accused of revenge porn, signs law criminalizing it https://t.co/VtbQzEt6vW https://t.co/yMKjrU1vg5",-0.5267,0.111,0.283,0.606
300,FoxNews,06/04/2018,".@GovMikeHuckabee: 'Please, God, Let Nancy Pelosi Continue to Be the Voice of the Democratic Party' https://t.co/1zWZ3neFVH",0.5859,0.255,0.0,0.745
301,FoxNews,06/04/2018,Homelessness by state. @NextRevFNC https://t.co/JkphdMznsF,0.0,0.0,0.0,1.0
302,FoxNews,06/04/2018,Indiana police officers support daughter of fallen trooper at graduation more than 10 years after his death https://t.co/RLo2QV4yK3,-0.5719,0.112,0.266,0.622
303,FoxNews,06/04/2018,".@BradSherman: ""Once we get comprehensive immigration reform, then California will fully cooperate. Why are we tryi‚Ä¶ https://t.co/UVpN6T1FvV",0.25,0.111,0.0,0.889
304,FoxNews,06/04/2018,".@GovernorDavis on immigration in California: ""The state has one obligation, to reduce crime. To get crime solved,‚Ä¶ https://t.co/2hrnxWy6X4",-0.7906,0.0,0.304,0.696
305,FoxNews,06/04/2018,".@AntonioSabatoJr: ""There's a difference between legal and illegal immigration."" @NextRevFNC https://t.co/97nm2kxvIo",-0.4767,0.115,0.275,0.611
306,FoxNews,06/04/2018,".@KennedyNation on Russia probe: ""I think John Brennan, like James @Comey, they think they're saviors of these gild‚Ä¶ https://t.co/BRe4zHXYfq",0.3612,0.122,0.0,0.878
307,FoxNews,06/04/2018,".@KennedyNation: ""There's always a disconnect between the way Washington sees the economy and the way families see‚Ä¶ https://t.co/fMdKTR67GY",0.0,0.0,0.0,1.0
308,FoxNews,06/04/2018,"High school biology teacher, 34, accused of having sex with student https://t.co/1TNSKr6P6S",-0.296,0.0,0.167,0.833
309,FoxNews,06/04/2018,Portland sees bloody fighting as Antifa activists storm Patriot Prayer rally https://t.co/KUondrTvuy,-0.6597,0.0,0.351,0.649
310,FoxNews,06/04/2018,Patriotic Business Pushes Back After Town Tells It to Remove 'Excessive' American Flags https://t.co/xdQLQoXMUI,0.0,0.0,0.0,1.0
311,FoxNews,06/04/2018,OPINION: Here are ten ways to pray for our high school graduates  https://t.co/RNcYMNtV7K,0.3182,0.161,0.0,0.839
312,FoxNews,06/04/2018,"Dallas woman says she killed husband for beating their pet cat, cops say https://t.co/xOMiV6fqIb",-0.8176,0.0,0.385,0.615
313,FoxNews,06/04/2018,"'Fight Club' author learns big reason why he's broke, apologizes https://t.co/1Ex6FK8BBZ",-0.4404,0.157,0.34,0.503
314,FoxNews,06/04/2018,'Solo: A Star Wars Story' plummeting at the box office https://t.co/9ANVkdsv65,-0.5574,0.0,0.286,0.714
315,FoxNews,06/04/2018,"RT @FoxNewsResearch: African-American Unemployment Rate:
‚Ä¢May 2010: 15.5%
‚Ä¢May 2011: 16.3%
‚Ä¢May 2012: 13.5%
‚Ä¢May 2013: 13.4%
‚Ä¢May 2014: 11.‚Ä¶",-0.4404,0.0,0.132,0.868
316,FoxNews,06/04/2018,"RT @FoxNewsResearch: U.S. Share of Global Military Spending
‚Äî2017‚Äî
‚Ä¢Ranks as world's top spender
‚Ä¢$610 billion, 35% of global share
‚Ä¢Down f‚Ä¶",0.6369,0.246,0.0,0.754
317,FoxNews,06/03/2018,Legal bare-knuckle boxing kicks off in Wyoming https://t.co/GVeQhrZmC5,0.128,0.176,0.0,0.824
318,FoxNews,06/03/2018,"Guatemala volcano kills at least 6, covers villages in ash https://t.co/P8GiPf4XJS",-0.5423,0.0,0.259,0.741
319,FoxNews,06/03/2018,".@larry_kudlow on NK summit: ""The key point is that we're sitting down. And the second key point is that the presid‚Ä¶ https://t.co/RB2obq3U66",0.0,0.0,0.0,1.0
320,FoxNews,06/03/2018,".@larry_kudlow on tariffs: ""If you don't have a level playing field, you can't operate free trade."" #FoxNewsSunday‚Ä¶ https://t.co/xaRSsCUxi4",-0.5096,0.0,0.223,0.777
321,FoxNews,06/03/2018,MONDAY: @PressSec Sarah Sanders and @MarkLevinShow join @SeanHannity at 9p ET. Tune in! #Hannity https://t.co/KRHjcUfAdo,0.3595,0.151,0.0,0.849
322,FoxNews,06/03/2018,.@Lavarbigballer has a message for @NFL players who disapprove of the national anthem policy ‚Äî stand up or get out.‚Ä¶ https://t.co/bvsrVr1XAc,0.0,0.0,0.0,1.0
323,FoxNews,06/03/2018,".@CLewandowski_: ""@POTUS has offered to sit down with the Mueller investigators but he has said...they want to unde‚Ä¶ https://t.co/pmHg7lWqdF",0.1154,0.075,0.0,0.925
324,FoxNews,06/03/2018,"Despair, hope and drugs in America: Is anyone safe? https://t.co/efhC6Z0YJx",0.5423,0.384,0.152,0.464
325,FoxNews,06/03/2018,Alabama death row inmate apparently commits suicide by hanging himself in jail cell https://t.co/cUmLPCZfvj,-0.8519,0.054,0.41,0.537
326,FoxNews,06/03/2018,Bill Clinton says impeachment hearings would have begun already if a Democrat were president  https://t.co/TWY3zf1R6R,0.0,0.0,0.0,1.0
327,FoxNews,06/03/2018,"#RoyalWedding expert 'Thomas J. Mace-Archer-Mills' is actually 'Tommy' from NY, reports say https://t.co/Lc2etr4Y3T",0.0,0.0,0.0,1.0
328,FoxNews,06/03/2018,.@jimmyfallon gives surprise speech at Stoneman Douglas graduation https://t.co/B1x3Xe3gAQ,0.2732,0.208,0.0,0.792
329,FoxNews,06/03/2018,Michael Goodwin: James Comey isn't above the law https://t.co/kxnW3mn3t1,0.0,0.0,0.0,1.0
330,FoxNews,06/03/2018,Sales for @MariahCarey's Vegas shows are 'a disaster'  https://t.co/eakfBAynqA,-0.6249,0.0,0.339,0.661
331,FoxNews,06/03/2018,.@dangainor: Roseanne Barr is off TV but Samantha Bee is still on -- just another example of the media‚Äôs double sta‚Ä¶ https://t.co/k0zJOYKFBV,0.0,0.0,0.0,1.0
332,FoxNews,06/03/2018,".@JonHuntsman: ""@POTUS has stated before that he would like to get together with President Putin at some point and‚Ä¶ https://t.co/vFLvPFl61l",0.3612,0.116,0.0,0.884
333,FoxNews,06/03/2018,"A young girl couldn't wait to greet her relative from the 4th Infantry Brigade Combat Team (Airborne), 25th Infantr‚Ä¶ https://t.co/YyaxfO0Swb",-0.5207,0.0,0.204,0.796
334,FoxNews,06/03/2018,Peggy Noonan: America‚Äôs lost faith in itself. We can bring it back https://t.co/GToL36Lo1U,0.128,0.174,0.143,0.683
335,FoxNews,06/03/2018,".@JonHuntsman: ""Every foreign policy pundit and analyst who would've been asked a few years ago never would've pred‚Ä¶ https://t.co/aHYUQ9LjRl",0.0,0.0,0.0,1.0
336,FoxNews,06/03/2018,".@SpeakerBoehner: ""There is no Republican Party. There's a Trump Party. The Republican Party is kind of taking a na‚Ä¶ https://t.co/t6BB7dX92H",0.7096,0.333,0.091,0.576
337,FoxNews,06/03/2018,LaVar Ball to NFL Protesters: Stand for the National Anthem or 'Get Out' https://t.co/AYm4GvFKj1,-0.2263,0.0,0.128,0.872
338,FoxNews,06/03/2018,".@newtgingrich: ""I would predict today we're closer to a red wave than a #bluewave in terms of the fall campaign."" https://t.co/9zNrDbRLrz",0.0,0.0,0.0,1.0
339,FoxNews,06/03/2018,".@MariaBartiromo: ""We're talking about almost 5% economic growth - there is NOTHING that @NancyPelosi just said tha‚Ä¶ https://t.co/J8nyvBfZhG",0.3262,0.127,0.0,0.873
340,FoxNews,06/03/2018,‚ÄòDespair and Hope in America: Fox News Investigates‚Äô ‚Äì Watch this preview and don't miss part one of this special s‚Ä¶ https://t.co/UEGUdqxe7n,0.7557,0.293,0.0,0.707
341,FoxNews,06/03/2018,".@BillClinton Pushes Back on Gillibrand Saying He Should've Resigned Over Lewinsky Scandal 
 https://t.co/4kE4PRGO5Y",-0.5994,0.0,0.308,0.692
342,FoxNews,06/03/2018,Three stranded in Kilauea lava zone are airlifted; cops cite 7 others for loitering near lava https://t.co/1g23BSVdGA,0.0,0.0,0.0,1.0
343,FoxNews,06/03/2018,"On ""Justice,"" Anthony @Scaramucci reflected on the controversial comments made by Samantha Bee against @IvankaTrump‚Ä¶ https://t.co/YTvgKpD0gr",-0.2023,0.0,0.107,0.893
344,FoxNews,06/03/2018,"Jonathan Wachtel on North Korea: ""We could have a move toward having nuclear energy as an option for them.""‚Ä¶ https://t.co/fHiCDcmtP4",0.2732,0.104,0.0,0.896
345,FoxNews,06/03/2018,"Jonathan Wachtel: ""The nuclear arsenal that Kim Jong Un has now is his life insurance."" https://t.co/PZcpa5sWSO https://t.co/w9jziej6ct",0.0,0.0,0.0,1.0
346,FoxNews,06/03/2018,Prostitutes and British tourists in violent clashes at notorious party resort in Spain https://t.co/wvZY80yD3o,-0.6249,0.132,0.332,0.537
347,FoxNews,06/03/2018,Suspect arrested after gunfire heard near San Diego marathon; police say no ongoing threat https://t.co/osWYIuwc6H https://t.co/cAYUcCVzhM,-0.872,0.0,0.476,0.524
348,FoxNews,06/03/2018,"Despite drop-ins by Alec Baldwin, Robert De Niro, Mississippi election season sees unexpected star: civility https://t.co/Dwg6cI0ReS",0.0,0.0,0.0,1.0
349,FoxNews,06/03/2018,".@DineshDSouza: ""My favorite term is the 'double jeopardy loophole' - so this basic Constitutional protection, Ed,‚Ä¶ https://t.co/mvQ27GnIkG",-0.0258,0.149,0.154,0.697
350,FoxNews,06/03/2018,BREAKING: Suspect arrested after shots heard near finish line of San Diego marathon https://t.co/iNx7E3VwAY,-0.6486,0.0,0.306,0.694
351,FoxNews,06/03/2018,Maine police rescue a dozen ducklings from sewer grate https://t.co/mHTl5sJj1x,0.5106,0.292,0.0,0.708
352,FoxNews,06/03/2018,"Remains of 8 veterans, long unclaimed, buried in San Antonio  https://t.co/1K6hmW1iaP",0.0,0.0,0.0,1.0
353,FoxNews,06/03/2018,"Many breast cancer patients can skip chemo, big study finds https://t.co/Ybfe9SItCf",-0.6597,0.0,0.306,0.694
354,FoxNews,06/03/2018,"Dallas woman says she killed husband for beating their pet cat, cops say https://t.co/ifDwufNs4s",-0.8176,0.0,0.385,0.615
355,FoxNews,06/03/2018,"Peter Navarro: ""No president has fought the war on poverty better than Donald J. Trump."" https://t.co/ANE9uICCZl",-0.8316,0.113,0.457,0.43
356,FoxNews,06/03/2018,San Diego marathon scare: Gunfire reported from rooftop overlooking race https://t.co/iNx7E3VwAY,-0.4939,0.0,0.242,0.758
357,FoxNews,06/03/2018,"On ""Justice,"" @RealCandaceO told @JudgeJeanine how difficult it is to be a conservative on campus today.‚Ä¶ https://t.co/OmHTQgUTpk",-0.3612,0.0,0.143,0.857
358,FoxNews,06/03/2018,Police hunt murder suspect in Connecticut mom's killing https://t.co/ERPKCcBc3d,-0.9062,0.0,0.653,0.347
359,FoxNews,06/03/2018,".@brithume on NK summit: ""I think the president's seeming eagerness for all of this to go forward is a little troub‚Ä¶ https://t.co/BQgWhWVAIc",0.4019,0.119,0.0,0.881
360,FoxNews,06/03/2018,".@larry_kudlow: ""In the world trade game, rule breaking is all over the place. That's why I think that the presiden‚Ä¶ https://t.co/O08Fq0HcML",0.0,0.0,0.0,1.0
361,FoxNews,06/03/2018,May jobs report. #FoxNewsSunday https://t.co/XIIaQOe6FA,0.0,0.0,0.0,1.0
362,FoxNews,06/03/2018,".@larry_kudlow on tariffs: ""The NAFTA talks haven't broken down. We're still having those conversations. And we're‚Ä¶ https://t.co/lpIf0oleor",0.3724,0.138,0.0,0.862
363,FoxNews,06/03/2018,President @realDonaldTrump's tariffs. #FoxNewsSunday https://t.co/3VOpeAr4uq,0.0,0.0,0.0,1.0
364,FoxNews,06/03/2018,".@larry_kudlow on tariffs: ""if you don't have a level playing field, you can't operate free trade."" #FoxNewsSunday‚Ä¶ https://t.co/AKp6N4lKH0",-0.5096,0.0,0.223,0.777
365,FoxNews,06/03/2018,.@newtgingrich: We're Closer to a 'Red Wave' Than a 'Blue Wave' in November https://t.co/LrJ2rP94jo,0.0,0.0,0.0,1.0
366,FoxNews,06/03/2018,".@larry_kudlow on tariffs: ""The World Trade Organization, which sets these rules, has been totally ineffectual. It‚Ä¶ https://t.co/4J0aWxCQp3",-0.3597,0.0,0.135,0.865
367,FoxNews,06/03/2018,".@larry_kudlow on tariff retaliation threats: ""This is a trade dispute, if you will. It can be solved if people wor‚Ä¶ https://t.co/3PpUplTxAM",-0.5267,0.085,0.224,0.691
368,FoxNews,06/03/2018,".@larry_kudlow on tariffs: ""[@POTUS] has declared our steel industry a national security matter and he hopes throug‚Ä¶ https://t.co/AcOaSsJIL5",0.6486,0.31,0.0,0.69
369,FoxNews,06/03/2018,"@larry_kudlow on NK summit: ""Now, as we head into the negotiations, I think the president is being very realistic a‚Ä¶ https://t.co/KuXXjYC7bW",0.0,0.0,0.0,1.0
370,FoxNews,06/03/2018,"After Roseanne's racist tweet, Obama ally Valerie Jarrett starts wooing voters https://t.co/NWJbG0Oaax",-0.6124,0.0,0.267,0.733
371,FoxNews,06/03/2018,MONDAY: @PressSec Sarah Sanders and @MarkLevinShow join @SeanHannity at 9p ET. Tune in! #Hannity https://t.co/rHd4sahcys,0.3595,0.151,0.0,0.849
372,FoxNews,06/03/2018,".@larry_kudlow on NK summit: ""The key point is that we're sitting down. And the second key point is that the presid‚Ä¶ https://t.co/AyXMO2idNl",0.0,0.0,0.0,1.0
373,FoxNews,06/03/2018,"On ""Sunday Morning Futures,"" Rep. @DevinNunes, a Republican from California, weighed on in Google, which came under‚Ä¶ https://t.co/xx73c5i32z",0.0,0.0,0.0,1.0
374,FoxNews,06/03/2018,Dog found dead in crate during Delta Air Lines layover for cross-country flight https://t.co/a3noVwIITC,-0.6486,0.0,0.249,0.751
375,FoxNews,06/03/2018,".@CLewandowski_ on @POTUS' pardons: ""Under the Constitution, he has the legal authority to pardon anybody. That's a‚Ä¶ https://t.co/vIIhFd7asa",0.6486,0.343,0.0,0.657
376,FoxNews,06/03/2018,".@CLewandowski_: ""[President @realDonaldTrump] clearly respects the rule of law in the country. There's no question‚Ä¶ https://t.co/xR7ef4FAKJ",0.4215,0.248,0.109,0.644
377,FoxNews,06/03/2018,".@CLewandowski_: ""@POTUS has offered to sit down with the Mueller investigators but he has said...they want to unde‚Ä¶ https://t.co/l6KMXxyPmZ",0.1154,0.075,0.0,0.925
378,FoxNews,06/03/2018,"‚ÄòDespair and Hope in America: Fox News Investigates‚Äô ‚Äì Don't miss part one of this special series on ‚ÄòFox Report,‚Äô‚Ä¶ https://t.co/mcfNj4pofE",0.7557,0.305,0.0,0.695
379,FoxNews,06/03/2018,Idaho teacher accused of feeding live puppy to turtle faces charge https://t.co/EpND6hOisM,-0.296,0.0,0.167,0.833
380,FoxNews,06/03/2018,"Robert Mueller needs to 'man up,' avoid pulling 'another Comey' as Russia probe wraps up, Giuliani says https://t.co/fpgGFOr8hv",-0.296,0.0,0.115,0.885
381,FoxNews,06/03/2018,".@RealCandaceO: ""You see so many students that are speaking out saying that their professors are upset with them fo‚Ä¶ https://t.co/hiZ0QV4gSH",-0.3818,0.0,0.12,0.88
382,FoxNews,06/03/2018,"""Last month, 200,000 more black Americans had jobs than they had the month before. Absolutely remarkable.""

On‚Ä¶ https://t.co/JbmpugFzFB",0.0,0.0,0.0,1.0
383,FoxNews,06/03/2018,".@Scaramucci: ""What hasn't been mentioned all week is that President Clinton also pardoned his brother Roger Clinto‚Ä¶ https://t.co/NwjQAq0hCW",0.2263,0.101,0.0,0.899
384,FoxNews,06/03/2018,Georgia cop fired after hitting suspect fleeing on foot with his patrol car https://t.co/xUjCCiJr38,-0.7003,0.0,0.326,0.674
385,FoxNews,06/03/2018,".@KellyannePolls: ""One eighth of our U.S. Circuit Court now includes a Trump judge."" https://t.co/QApBQwuHG8",0.0,0.0,0.0,1.0
386,FoxNews,06/03/2018,".@Peggynoonannyc: America‚Äôs lost faith in itself. We can bring it back
https://t.co/OKrBq90KYc",0.128,0.185,0.152,0.662
387,FoxNews,06/03/2018,"Woman, childhood best friend are revealed to be half-siblings https://t.co/WHVft0PrH0",0.8126,0.481,0.0,0.519
388,FoxNews,06/03/2018,"TONIGHT: A brand new ""Life, Liberty, and Levin"" with @marklevinshow - Tune in at 10p ET on Fox News Channel! https://t.co/KcIyJeV36Z",0.5707,0.17,0.0,0.83
389,FoxNews,06/03/2018,".@cvpayne: ""Last month, 76,000 blacks entered the labor force. The unemployment rate for black Americans went to an‚Ä¶ https://t.co/0o5Fp0Ke7T",-0.4404,0.0,0.139,0.861
390,FoxNews,06/03/2018,"On @NextRevFNC, @SteveHiltonx investigates Gov. Jerry Brown's policies and their effect on California. Tune in toni‚Ä¶ https://t.co/P2SpGanG8M",0.0,0.0,0.0,1.0
391,FoxNews,06/03/2018,".@SpeakerBoehner: ""There is no Republican Party. There's a Trump Party. The Republican Party is kind of taking a na‚Ä¶ https://t.co/fr6L4MPCmb",0.7096,0.333,0.091,0.576
392,FoxNews,06/03/2018,"'Builder to the stars,' his wife among 4 feared dead after plane crashes off New York coast https://t.co/ZoreukG5Yn",-0.8176,0.0,0.333,0.667
393,FoxNews,06/03/2018,"On ""Sunday Morning Futures,"" @WhiteHouse Trade Policy Director Peter Navarro praised President @realDonaldTrump's e‚Ä¶ https://t.co/H2hR2LtS9D",0.4939,0.186,0.0,0.814
394,FoxNews,06/03/2018,".@NancyPelosi hits bonuses, tax benefits as ""crumbs."" https://t.co/zNcp4a2nBn",0.7351,0.508,0.0,0.492
395,FoxNews,06/03/2018,"The team you trust. The network you love.

Watch 'Hannity,' weeknights at 9p ET on Fox News Channel. https://t.co/7tl5PucYOi",0.8176,0.306,0.0,0.694
396,FoxNews,06/03/2018,".@newtgingrich: ""Menendez in NJ is in trouble because of his scandals. I think we're very likely to pick up Florida‚Ä¶ https://t.co/BABYpgEew5",-0.7096,0.0,0.247,0.753
397,FoxNews,06/03/2018,".@GovMikeHuckabee: ""All we need to do is take [@NancyPelosi's] words, put it on television, and play it over and ov‚Ä¶ https://t.co/ifefT3tVsb",0.34,0.107,0.0,0.893
398,FoxNews,06/03/2018,"TONIGHT: 'Legends &amp; Lies' Returns With a Riveting Look at John Wilkes Booth - Hosted by Brian @Kilmeade, it all beg‚Ä¶ https://t.co/1WcXoiI59q",-0.4215,0.0,0.128,0.872
399,FoxNews,06/03/2018,Indiana police officers support daughter of fallen trooper at graduation more than 10 years after his death https://t.co/8330yRYoPf,-0.5719,0.112,0.266,0.622
400,nytimes,06/04/2018,"""Kanye West still has a streak of compassion and empathy, in the rare moments when he‚Äôs not thinking only of himsel‚Ä¶ https://t.co/CneahhQiG2",0.4588,0.13,0.0,0.87
401,nytimes,06/04/2018,"Read the full text of the letter sent by President Trump‚Äôs lawyers to the special counsel, Robert Mueller. Our repo‚Ä¶ https://t.co/PyATBcRlXV",0.4019,0.119,0.0,0.881
402,nytimes,06/04/2018,"The New York Times's summer reading list is here to browse:
 
Thrillers
Cooking 
True Crime
Movies &amp; TV
Romance
Tra‚Ä¶ https://t.co/p8h7Wse551",0.4588,0.268,0.125,0.607
403,nytimes,06/04/2018,Slovenia Elections Tilt Another European Country to the Right https://t.co/TFunNGI03j,0.0,0.0,0.0,1.0
404,nytimes,06/04/2018,"RT @mikiebarb: Tomorrow we begin a powerful five-part, week-long series on The Daily -- like nothing we've done before. It's about a city a‚Ä¶",0.6486,0.209,0.0,0.791
405,nytimes,06/04/2018,"RT @NYTSports: Once again, @TheSteinLine and @BenHoffmanNYT bring you their view of the NBA finals in real time. https://t.co/Ls56JcfMOU",0.0,0.0,0.0,1.0
406,nytimes,06/04/2018,Why Is Trump ‚ÄòNot Important‚Äô in Mexico Election? All Candidates Are Against Him https://t.co/2u10DZyzrv,0.0,0.0,0.0,1.0
407,nytimes,06/04/2018,"The New York Times review of ""The President Is Missing,"" a thriller and escapist fairy tale co-written by Bill Clin‚Ä¶ https://t.co/5Th4xtlMDL",0.1027,0.069,0.0,0.931
408,nytimes,06/04/2018,The Shame in Puerto Rico https://t.co/GfovgSUXIe,-0.4767,0.0,0.383,0.617
409,nytimes,06/04/2018,"Young adults are not only marrying and having children later in life than previous generations, but taking more tim‚Ä¶ https://t.co/dO25Frw5jB",0.0,0.0,0.0,1.0
410,nytimes,06/04/2018,3 women say they were led to believe the film mogul Harvey Weinstein‚Äôs criminal defense firm wanted to represent th‚Ä¶ https://t.co/uPZ43CaPRH,-0.4404,0.066,0.148,0.786
411,nytimes,06/03/2018,"""When you‚Äôre not sitting across from someone, you‚Äôre sitting across from the world."" The joys of a table for one in‚Ä¶ https://t.co/qyojCy4Jbs",0.4939,0.138,0.0,0.862
412,nytimes,06/03/2018,On Golf: Tiger Woods Didn‚Äôt Win Again. But He Will. https://t.co/BeSbKDoH9m,0.5859,0.275,0.0,0.725
413,nytimes,06/03/2018,Show Us Your Wall: Andy Warhol in the Powder Room. Christopher Wool on the Floor. https://t.co/2wxCbQvsAb,0.0,0.0,0.0,1.0
414,nytimes,06/03/2018,There are a few low-tech tricks that can make switching time zones and taking long haul flights a little easier https://t.co/e8pEcqppJu,0.2516,0.119,0.071,0.809
415,nytimes,06/03/2018,"‚ÄúIf it was 5,000 dogs, there would be outrage. If it was 5,000 blonde-haired, blue-eyed women, there would be outra‚Ä¶ https://t.co/rhAvTLU7Xx",-0.5106,0.0,0.142,0.858
416,nytimes,06/03/2018,N.B.A. Finals 2018: Cavs vs. Warriors Game 2 Updates https://t.co/RwHYfYHo23,0.0,0.0,0.0,1.0
417,nytimes,06/03/2018,A guilty pleasure for many children of the '90s: A personal pan pizza from Pizza Hut. What corporate delivery pie d‚Ä¶ https://t.co/DHDflBQHX5,0.2263,0.151,0.114,0.735
418,nytimes,06/03/2018,Alone https://t.co/G3zzMesQUR,-0.25,0.0,0.667,0.333
419,nytimes,06/03/2018,A Soldier Died After Racist Hazing. Now His Story Is an Opera. https://t.co/7dHOsbvj6L,-0.8225,0.0,0.432,0.568
420,nytimes,06/03/2018,"Sutton Foster: ""Some people are like, 'You sing?' I‚Äôm like, 'Yes, I sing.' It drives me crazy. It‚Äôs been fascinatin‚Ä¶ https://t.co/LPMF0SbInb",0.3818,0.205,0.098,0.697
421,nytimes,06/03/2018,Democrats Hope an Asian Influx Will Help Turn Orange County Blue https://t.co/CbKFAPnsc7,0.6808,0.359,0.0,0.641
422,nytimes,06/03/2018,"After an already rickety launch, ‚ÄúSolo: A Star Wars Story‚Äù took a nose-dive at the box office in its second week in‚Ä¶ https://t.co/YB3U7nN12y",-0.5574,0.0,0.153,0.847
423,nytimes,06/03/2018,"The economy is in a sweet spot, with steady growth and broad improvement in the labor market https://t.co/lnbaMQMJn7",0.8225,0.381,0.0,0.619
424,nytimes,06/03/2018,"RT @marclacey: As California prepares to vote Tuesday, may I introduce our stellar team of NYT national correspondents based there: @adamna‚Ä¶",0.0,0.0,0.0,1.0
425,nytimes,06/03/2018,Here are some recommendations if you're wondering what to watch for the remainder of your weekend https://t.co/t90PQMmD9D,0.0,0.0,0.0,1.0
426,nytimes,06/03/2018,"‚ÄúSomething weird happened,‚Äù the president of the Yosemite Climbing Association said of the deadly fall. ‚ÄúThere‚Äôs no‚Ä¶ https://t.co/7ZRLy1P8FJ",-0.1779,0.0,0.091,0.909
427,nytimes,06/03/2018,"Michael Lewis is part of a growing group of A-list authors bypassing print and releasing audiobook originals, hopin‚Ä¶ https://t.co/hom5zHaSrr",0.1779,0.091,0.0,0.909
428,nytimes,06/03/2018,‚ÄúHere was Sherlock Holmes fighting off 4 attackers just round the corner from Baker Street.‚Äù https://t.co/RUl2gLJPNc,-0.7351,0.0,0.323,0.677
429,nytimes,06/03/2018,Here are some ideas for what to cook this week https://t.co/haDa1gX5yS,0.0,0.0,0.0,1.0
430,nytimes,06/03/2018,"Nearly 4 years after the chokehold death of Eric Garner and vows of greater transparency, the disciplinary history‚Ä¶ https://t.co/G0ckyXzyXR",-0.34,0.112,0.174,0.714
431,nytimes,06/03/2018,"How Marc Jacobs fell out of fashion: He left Louis Vuitton, shrunk his business, shut most of his stores and lost h‚Ä¶ https://t.co/wi2WV98nsj",-0.3182,0.0,0.095,0.905
432,nytimes,06/03/2018,"‚ÄúI wanted to cry,‚Äù said the chief of orthopedic service at a hospital in Afghanistan, where 7 children were brought‚Ä¶ https://t.co/oI62AFfbTw",0.0,0.0,0.0,1.0
433,nytimes,06/03/2018,"Disappear into a thriller, a romance, a cookbook or the great outdoors: Our summer reading guide has books for ever‚Ä¶ https://t.co/uWhmLeklN3",0.802,0.364,0.076,0.56
434,nytimes,06/03/2018,"In the absence of a customs union, every single one of the thousands of trucks that pass through the British port a‚Ä¶ https://t.co/ZRczelRCB9",0.0,0.0,0.0,1.0
435,nytimes,06/03/2018,3 women say they were led to believe the film mogul Harvey Weinstein‚Äôs criminal defense firm wanted to represent th‚Ä¶ https://t.co/9SKeoleTIZ,-0.4404,0.066,0.148,0.786
436,nytimes,06/03/2018,"""Kanye West still has a streak of compassion and empathy, in the rare moments when he‚Äôs not thinking only of himsel‚Ä¶ https://t.co/rEeoa7jZ5w",0.4588,0.13,0.0,0.87
437,nytimes,06/03/2018,"Planning the details of the Tump-Kim summit is very, very tricky: Who will enter the room first? Who will pay for t‚Ä¶ https://t.co/safgULgK3j",-0.376,0.0,0.145,0.855
438,nytimes,06/03/2018,Security officials said a boat had been packed with about 180 migrants. Dozens drowned when the boat capsized. https://t.co/TDcJobhcb3,-0.3612,0.108,0.175,0.717
439,nytimes,06/03/2018,"Steven Pitt, a high-profile forensic psychiatrist, was shot dead on Thursday. Less than 24 hours later, 2 paralegal‚Ä¶ https://t.co/Zy1uG2juvN",-0.6486,0.0,0.212,0.788
440,nytimes,06/03/2018,"RT @melbournecoal: The NYT is on the ground in districts across CA as we await the primary. I‚Äôll be in CA-25, just north of LA, where 4 Dem‚Ä¶",0.1027,0.051,0.0,0.949
441,nytimes,06/03/2018,"RT @Watching: Are you already mourning ""The Americans""? Here's what to watch next: https://t.co/l1VuxJGS6k",-0.4404,0.0,0.182,0.818
442,nytimes,06/03/2018,"In Opinion

Op-Ed contributor Steve Kettmann writes, ""California doesn‚Äôt just oppose Mr. Trump; it offers a better‚Ä¶ https://t.co/VPTf7Lv2JY",0.0,0.0,0.0,1.0
443,nytimes,06/03/2018,"RT @amyfiscus: Even when dealers are caught selling guns illegally, they routinely go unpunished by the ATF. @AliWatkins scoop https://t.co‚Ä¶",0.1531,0.078,0.0,0.922
444,nytimes,06/03/2018,It was Christmas Day when the 34-year-old woman acknowledged that something was really wrong. She realized she was‚Ä¶ https://t.co/MFg0zYKT3x,-0.5256,0.0,0.159,0.841
445,nytimes,06/03/2018,Use your day off to catch up on some great reads you may have missed https://t.co/5F6T7xur5r,0.4404,0.202,0.108,0.69
446,nytimes,06/03/2018,RT @marclacey: ¬øQuedarse o partir? Dos puertorrique√±as frente a una decisi√≥n https://t.co/RbZu1aWLxe via @nytimesES,0.0,0.0,0.0,1.0
447,nytimes,06/03/2018,"Here are the week‚Äôs top stories, and a look ahead https://t.co/UR0Y41WK6r",0.2023,0.167,0.0,0.833
448,nytimes,06/03/2018,"The London police have blamed a bleak rap genre, drill, for a rise in violence. They've gotten YouTube to take down‚Ä¶ https://t.co/iR5NgPyLaF",-0.802,0.0,0.286,0.714
449,nytimes,06/03/2018,"‚ÄúIf it was 5,000 dogs, there would be outrage. If it was 5,000 blonde-haired, blue-eyed women, there would be outra‚Ä¶ https://t.co/79qhh12yVB",-0.5106,0.0,0.142,0.858
450,nytimes,06/03/2018,"In Opinion

Op-Ed columnist @MaureenDowd writes that Obama ""pushed aside his loyal vice president, who was consider‚Ä¶ https://t.co/RRwfLvDAAj",0.4767,0.154,0.0,0.846
451,nytimes,06/03/2018,"RT @NYTSports: The Warriors' explosive third-quarter runs have become a phenomenon, and nobody knows quite what to make of it. But a closer‚Ä¶",0.0,0.0,0.0,1.0
452,nytimes,06/03/2018,"On Saturday, Pedro S√°nchez was sworn in as Spain‚Äôs new prime minister, a stunning and rapid turnaround for a man wh‚Ä¶ https://t.co/jZSHt2632n",0.3818,0.12,0.0,0.88
453,nytimes,06/03/2018,"‚ÄúHe told me nobody would help me, because I don‚Äôt have papers."" Reports of domestic violence and sexual assault in‚Ä¶ https://t.co/SLrX3XxChn",-0.7351,0.098,0.286,0.616
454,nytimes,06/03/2018,Beijing officials refused to pledge any additional purchases from the United States without an American agreement t‚Ä¶ https://t.co/gLfzlTqbVa,-0.2565,0.124,0.213,0.663
455,nytimes,06/03/2018,"If nothing else, Jon Tester is incautious, at least compared to most of the other Senate Democrats up for re-electi‚Ä¶ https://t.co/1H8ThOZLrm",0.0,0.0,0.0,1.0
456,nytimes,06/03/2018,"President Bashar al-Assad of Syria plans to visit North Korea‚Äôs leader, Kim Jong-un, the North‚Äôs state-run news med‚Ä¶ https://t.co/le82t3KpYc",0.0,0.0,0.0,1.0
457,nytimes,06/03/2018,RT @marclacey: ‚ÄúEditor‚Äôs note: This article was published without a byline and photo credits to protect the journalist‚Äôs safety. ‚Äú https://‚Ä¶,0.7845,0.331,0.0,0.669
458,nytimes,06/03/2018,Widely different estimates of Hurricane Maria‚Äôs death toll in Puerto Rico have led to confusion. Here is a guide to‚Ä¶ https://t.co/Ido3ZF11in,-0.7269,0.0,0.253,0.747
459,nytimes,06/03/2018,"Many women with breast cancer can skip chemotherapy, a study found. ‚ÄúWe can spare thousands and thousands of women‚Ä¶ https://t.co/TXDafLWE2D",-0.6597,0.0,0.196,0.804
460,nytimes,06/03/2018,"RT @marclacey: California is about to hold a key primary election that will affect the direction of the state, and the nation. To follow ou‚Ä¶",0.0,0.0,0.0,1.0
461,nytimes,06/03/2018,"A 20-page letter from President Trump's lawyers to Robert Mueller, obtained by The New York Times, argues that the‚Ä¶ https://t.co/ybw1yuh4Md",-0.3818,0.0,0.126,0.874
462,nytimes,06/03/2018,We invited a group of New York Times journalists who happen to possess the anatomy in question to pick apart the co‚Ä¶ https://t.co/o9IMFDmzmK,0.0,0.0,0.0,1.0
463,nytimes,06/03/2018,Assad Said to Plan Meeting With North Korea‚Äôs Leader https://t.co/Lfku9w7iWs,0.0,0.0,0.0,1.0
464,nytimes,06/03/2018,Writers like Ada Calhoun and Michael Lewis are part of a growing group of A-list authors bypassing print and releas‚Ä¶ https://t.co/vNfOz6tiwD,0.4939,0.189,0.0,0.811
465,nytimes,06/03/2018,"Pedro S√°nchez, Spain‚Äôs New Leader, Returns From the Political Wilderness https://t.co/BLmg6gtKqj",0.0,0.0,0.0,1.0
466,nytimes,06/03/2018,Trump often points out that his predecessors left him the ‚Äúmess‚Äù of a nuclear-armed North Korea ‚Äî errors he vows no‚Ä¶ https://t.co/xN3F5jDRN3,-0.34,0.0,0.112,0.888
467,nytimes,06/03/2018,The Californization of America https://t.co/Ic8wgrjwnB,0.0,0.0,0.0,1.0
468,nytimes,06/03/2018,"Vancouver real estate is so expensive that politicians want to tax it into submission, and many homeowners are OK w‚Ä¶ https://t.co/WZ38GOGxhT",0.4995,0.182,0.0,0.818
469,nytimes,06/03/2018,"Scott Pruitt, who has reversed Obama-era EPA rules, enjoys cozy ties with a coal baron who got him a superfan exper‚Ä¶ https://t.co/lWerrCr42b",0.5106,0.148,0.0,0.852
470,nytimes,06/03/2018,Good News for Women With Breast Cancer: Many Don‚Äôt Need Chemo https://t.co/L9or3uc4Is,-0.3612,0.168,0.254,0.578
471,nytimes,06/03/2018,This past week brought 2 developments that could prove pivotal in November for Senate Republicans  https://t.co/tLrn1nA5Mi,0.0,0.0,0.0,1.0
472,nytimes,06/03/2018,The top candidates for California governor grapple with the popularity of Jerry Brown and their own indiscretions a‚Ä¶ https://t.co/QXlrM8epcL,0.5994,0.224,0.0,0.776
473,nytimes,06/03/2018,Saudi Arabia Names New Ministers Close to Powerful Crown Prince https://t.co/E1QekZjpCE,0.4215,0.219,0.0,0.781
474,nytimes,06/03/2018,Encounters: This Harry Potter Uses a Bow and Arrow. Not a Wand. https://t.co/2KLyUDzJKw,0.0,0.0,0.0,1.0
475,nytimes,06/03/2018,"Sunday Routine: How Angela Goding, of MoMA PS1, Spends Her Sundays https://t.co/BDaXC9Lkdr",0.0,0.0,0.0,1.0
476,nytimes,06/03/2018,Will a Canadian version of Donald Trump become leader of the country's most important province? https://t.co/i1gLYTDIsg,0.2716,0.13,0.0,0.87
477,nytimes,06/03/2018,"Pedro Markun once thought hacking Brazil‚Äôs political system was the best way to change it. Now, he wants to do more‚Ä¶ https://t.co/DIb3KpEtxn",0.6369,0.167,0.0,0.833
478,nytimes,06/03/2018,"The author Malcolm Gladwell: ""I would release 95% of prisoners if I had the chance"" https://t.co/eSrFSbsoHc",-0.3182,0.109,0.18,0.71
479,nytimes,06/03/2018,The work culture for families has been stubbornly slow to change in Washington. Meet the federal regulator who brin‚Ä¶ https://t.co/ln0ZRVntC8,-0.34,0.0,0.112,0.888
480,nytimes,06/03/2018,The gear you‚Äôll need to survive in the wilderness. (Or your backyard.) https://t.co/AUQEtB08Im,0.0,0.0,0.0,1.0
481,nytimes,06/03/2018,"Trilobites: Ladybugs, Aphids and the Toxic Combat That Might Be Happening in Your Garden https://t.co/OFiK5yf0JQ",-0.34,0.0,0.146,0.854
482,nytimes,06/03/2018,"An R-rated movie with Melissa McCarthy and a cast of puppets can use the tagline ""No Sesame. All Street."" For now.  https://t.co/bVG1KqEG1y",-0.296,0.0,0.099,0.901
483,nytimes,06/03/2018,"In this environment, free of goals, free of the promise of a new challenge, you become a true human animal https://t.co/wU2D3oLMi8",0.9001,0.481,0.0,0.519
484,nytimes,06/03/2018,"The good, the bad and the ugly of college admissions in the U.S.: college-bound high school seniors tell all https://t.co/Jt7aEuI9Jm",-0.5994,0.109,0.255,0.637
485,nytimes,06/03/2018,A reader who always wondered how her father survived the Holocaust found the answer in one of our obituaries. ‚ÄúI ha‚Ä¶ https://t.co/jdOwtN3UPV,0.5106,0.142,0.0,0.858
486,nytimes,06/03/2018,"""What is the responsibility of a sibling for a sibling?"" https://t.co/yi7RoKC4a5",0.0,0.0,0.0,1.0
487,nytimes,06/03/2018,"Egalitarian and sincere, Norway‚Äôs version of New Nordic cooking is frisky, witty and unpretentious https://t.co/qxsp1OZtaH",0.5719,0.266,0.0,0.734
488,nytimes,06/03/2018,"Jonathan Kasdan on the romantic comedy that provided entree to ""Raiders,"" the highs and lows of his ""Star Wars"" wor‚Ä¶ https://t.co/az9BXVlhSV",-0.0516,0.188,0.196,0.616
489,nytimes,06/03/2018,"Summer, once the dumping ground of television, is now the season with a little something for everyone https://t.co/zah4CJYrIz",-0.3182,0.0,0.126,0.874
490,nytimes,06/03/2018,"Bill Clinton: ""I wanted to become a politician because I was fascinated by people, policy and politics. I read book‚Ä¶ https://t.co/FibiADvaTo",0.4767,0.154,0.0,0.846
491,nytimes,06/03/2018,Louder background music makes people choose less healthful foods https://t.co/8OBxjOMHUm,0.0,0.0,0.0,1.0
492,nytimes,06/03/2018,"A photographer's 3-decade exploration of Hanoi, Vietnam, charts the city‚Äôs architectural, cultural and economic evo‚Ä¶ https://t.co/Svhe9pIiFh",0.2263,0.119,0.0,0.881
493,nytimes,06/03/2018,"In @NYTOpinion 

Op-Ed Contributor Margaret Renkl writes, ""I don't know what these legislators are thinking. Maybe‚Ä¶ https://t.co/4lTN9bSdvG",0.0,0.0,0.0,1.0
494,nytimes,06/03/2018,"""I want my son to feel the immediate ease I do when I walk into a room full of Southern voices, but I don‚Äôt want ot‚Ä¶ https://t.co/nYdLWa8F2z",0.3291,0.179,0.0,0.821
495,nytimes,06/03/2018,"Young adults are not only marrying and having children later in life than previous generations, but taking more tim‚Ä¶ https://t.co/qeTRTtsRfg",0.0,0.0,0.0,1.0
496,nytimes,06/03/2018,"""The thought of either of my 2 sons harassing or assaulting another person, or being victims themselves, is enough‚Ä¶ https://t.co/jD5QFTmW10",-0.8442,0.0,0.363,0.637
497,nytimes,06/03/2018,"While Berlin certainly features a fair number of luxury options, it hasn‚Äôt lost its populist edge https://t.co/yfH4SdbwHo",0.4019,0.296,0.113,0.591
498,nytimes,06/03/2018,Trump to Hold Ramadan Dinner After Skipping It Last Year https://t.co/tlcCEPZe1i,0.0,0.0,0.0,1.0
499,nytimes,06/03/2018,The Ethicist columnist on whether you should inform people if you're carrying an illegal medical drug https://t.co/y0xlqyCaBj,-0.5574,0.0,0.184,0.816
